c,p,o,oLabel
http://www.wikidata.org/entity/Q23751000,http://www.wikidata.org/prop/direct/P31,http://www.wikidata.org/entity/Q15632617,fictional human
http://www.wikidata.org/entity/Q23751000,http://www.wikidata.org/prop/direct/P31,http://www.wikidata.org/entity/Q15773347,film character
http://www.wikidata.org/entity/Q23751352,http://www.wikidata.org/prop/direct/P31,http://www.wikidata.org/entity/Q15632617,fictional human
http://www.wikidata.org/entity/Q23751352,http://www.wikidata.org/prop/direct/P31,http://www.wikidata.org/entity/Q15773347,film character
http://www.wikidata.org/entity/Q23751414,http://www.wikidata.org/prop/direct/P31,http://www.wikidata.org/entity/Q15632617,fictional human
http://www.wikidata.org/entity/Q23751414,http://www.wikidata.org/prop/direct/P31,http://www.wikidata.org/entity/Q15773347,film character
http://www.wikidata.org/entity/Q23751461,http://www.wikidata.org/prop/direct/P31,http://www.wikidata.org/entity/Q15632617,fictional human
http://www.wikidata.org/entity/Q23751461,http://www.wikidata.org/prop/direct/P31,http://www.wikidata.org/entity/Q15773347,film character
http://www.wikidata.org/entity/Q23751498,http://www.wikidata.org/prop/direct/P31,http://www.wikidata.org/entity/Q15632617,fictional human
http://www.wikidata.org/entity/Q23751498,http://www.wikidata.org/prop/direct/P31,http://www.wikidata.org/entity/Q15773347,film character
http://www.wikidata.org/entity/Q23751702,http://www.wikidata.org/prop/direct/P31,http://www.wikidata.org/entity/Q15632617,fictional human
http://www.wikidata.org/entity/Q23751702,http://www.wikidata.org/prop/direct/P31,http://www.wikidata.org/entity/Q15773347,film character
http://www.wikidata.org/entity/Q23767768,http://www.wikidata.org/prop/direct/P31,http://www.wikidata.org/entity/Q15632617,fictional human
http://www.wikidata.org/entity/Q23767768,http://www.wikidata.org/prop/direct/P31,http://www.wikidata.org/entity/Q15773347,film character
http://www.wikidata.org/entity/Q19836,http://www.wikidata.org/prop/direct/P31,http://www.wikidata.org/entity/Q15706911,fictional object
http://www.wikidata.org/entity/Q73544,http://www.wikidata.org/prop/direct/P26,http://www.wikidata.org/entity/Q19095,Hawkeye
http://www.wikidata.org/entity/Q73544,http://www.wikidata.org/prop/direct/P27,http://www.wikidata.org/entity/Q30,United States
http://www.wikidata.org/entity/Q73544,http://www.wikidata.org/prop/direct/P31,http://www.wikidata.org/entity/Q14831768,mutate
http://www.wikidata.org/entity/Q73544,http://www.wikidata.org/prop/direct/P31,http://www.wikidata.org/entity/Q15773317,television character
http://www.wikidata.org/entity/Q73544,http://www.wikidata.org/prop/direct/P451,http://www.wikidata.org/entity/Q79037,Spider-Man
http://www.wikidata.org/entity/Q73544,http://www.wikidata.org/prop/direct/P463,http://www.wikidata.org/entity/Q322646,Avengers
http://www.wikidata.org/entity/Q1369292,http://www.wikidata.org/prop/direct/P27,http://www.wikidata.org/entity/Q30,United States
http://www.wikidata.org/entity/Q1369292,http://www.wikidata.org/prop/direct/P31,http://www.wikidata.org/entity/Q15632617,fictional human
http://www.wikidata.org/entity/Q1369292,http://www.wikidata.org/prop/direct/P31,http://www.wikidata.org/entity/Q15773317,television character
http://www.wikidata.org/entity/Q1369292,http://www.wikidata.org/prop/direct/P31,http://www.wikidata.org/entity/Q15773347,film character
http://www.wikidata.org/entity/Q1369292,http://www.wikidata.org/prop/direct/P106,http://www.wikidata.org/entity/Q5446967,field agent
http://www.wikidata.org/entity/Q1369292,http://www.wikidata.org/prop/direct/P108,http://www.wikidata.org/entity/Q911971,S.H.I.E.L.D.
http://www.wikidata.org/entity/Q1369292,http://www.wikidata.org/prop/direct/P7047,http://www.wikidata.org/entity/Q3052324,Hydra
http://www.wikidata.org/entity/Q1424480,http://www.wikidata.org/prop/direct/P31,http://www.wikidata.org/entity/Q1094617,mutant
http://www.wikidata.org/entity/Q1424480,http://www.wikidata.org/prop/direct/P31,http://www.wikidata.org/entity/Q1114461,comics character
http://www.wikidata.org/entity/Q1424480,http://www.wikidata.org/prop/direct/P31,http://www.wikidata.org/entity/Q15773317,television character
http://www.wikidata.org/entity/Q1424480,http://www.wikidata.org/prop/direct/P31,http://www.wikidata.org/entity/Q15773347,film character
http://www.wikidata.org/entity/Q1424480,http://www.wikidata.org/prop/direct/P463,http://www.wikidata.org/entity/Q322646,Avengers
http://www.wikidata.org/entity/Q1424480,http://www.wikidata.org/prop/direct/P463,http://www.wikidata.org/entity/Q911971,S.H.I.E.L.D.
http://www.wikidata.org/entity/Q1424480,http://www.wikidata.org/prop/direct/P463,http://www.wikidata.org/entity/Q1858350,Inhumans
http://www.wikidata.org/entity/Q1424480,http://www.wikidata.org/prop/direct/P7047,http://www.wikidata.org/entity/Q840291,Magneto
http://www.wikidata.org/entity/Q2009899,http://www.wikidata.org/prop/direct/P27,http://www.wikidata.org/entity/Q881,Vietnam
http://www.wikidata.org/entity/Q2009899,http://www.wikidata.org/prop/direct/P31,http://www.wikidata.org/entity/Q14831768,mutate
http://www.wikidata.org/entity/Q2009899,http://www.wikidata.org/prop/direct/P106,http://www.wikidata.org/entity/Q157195,waiter
http://www.wikidata.org/entity/Q2009899,http://www.wikidata.org/prop/direct/P106,http://www.wikidata.org/entity/Q14915751,prostitute
http://www.wikidata.org/entity/Q2009899,http://www.wikidata.org/prop/direct/P463,http://www.wikidata.org/entity/Q322646,Avengers
http://www.wikidata.org/entity/Q2473486,http://www.wikidata.org/prop/direct/P31,http://www.wikidata.org/entity/Q1114461,comics character
http://www.wikidata.org/entity/Q2473486,http://www.wikidata.org/prop/direct/P31,http://www.wikidata.org/entity/Q15773317,television character
http://www.wikidata.org/entity/Q2473486,http://www.wikidata.org/prop/direct/P31,http://www.wikidata.org/entity/Q15773347,film character
http://www.wikidata.org/entity/Q2473486,http://www.wikidata.org/prop/direct/P7047,http://www.wikidata.org/entity/Q717588,Thor
http://www.wikidata.org/entity/Q2790757,http://www.wikidata.org/prop/direct/P22,http://www.wikidata.org/entity/Q2487192,Iron Monger
http://www.wikidata.org/entity/Q2790757,http://www.wikidata.org/prop/direct/P31,http://www.wikidata.org/entity/Q15632617,fictional human
http://www.wikidata.org/entity/Q2790757,http://www.wikidata.org/prop/direct/P31,http://www.wikidata.org/entity/Q15773317,television character
http://www.wikidata.org/entity/Q2790757,http://www.wikidata.org/prop/direct/P463,http://www.wikidata.org/entity/Q1319624,The Order
http://www.wikidata.org/entity/Q2790757,http://www.wikidata.org/prop/direct/P7047,http://www.wikidata.org/entity/Q180704,Iron Man
http://www.wikidata.org/entity/Q23750236,http://www.wikidata.org/prop/direct/P31,http://www.wikidata.org/entity/Q15632617,fictional human
http://www.wikidata.org/entity/Q23750236,http://www.wikidata.org/prop/direct/P31,http://www.wikidata.org/entity/Q15773347,film character
http://www.wikidata.org/entity/Q23750252,http://www.wikidata.org/prop/direct/P31,http://www.wikidata.org/entity/Q15632617,fictional human
http://www.wikidata.org/entity/Q23750252,http://www.wikidata.org/prop/direct/P31,http://www.wikidata.org/entity/Q15773347,film character
http://www.wikidata.org/entity/Q23750365,http://www.wikidata.org/prop/direct/P31,http://www.wikidata.org/entity/Q15773347,film character
http://www.wikidata.org/entity/Q23750365,http://www.wikidata.org/prop/direct/P31,http://www.wikidata.org/entity/Q18327510,fictional robot
http://www.wikidata.org/entity/Q23750365,http://www.wikidata.org/prop/direct/P31,http://www.wikidata.org/entity/Q25933185,artificial intelligence in fiction
http://www.wikidata.org/entity/Q23750514,http://www.wikidata.org/prop/direct/P31,http://www.wikidata.org/entity/Q15632617,fictional human
http://www.wikidata.org/entity/Q23750514,http://www.wikidata.org/prop/direct/P31,http://www.wikidata.org/entity/Q15773347,film character
http://www.wikidata.org/entity/Q23750514,http://www.wikidata.org/prop/direct/P106,http://www.wikidata.org/entity/Q901,scientist
http://www.wikidata.org/entity/Q23750547,http://www.wikidata.org/prop/direct/P31,http://www.wikidata.org/entity/Q15632617,fictional human
http://www.wikidata.org/entity/Q23750547,http://www.wikidata.org/prop/direct/P31,http://www.wikidata.org/entity/Q15773347,film character
http://www.wikidata.org/entity/Q23750571,http://www.wikidata.org/prop/direct/P31,http://www.wikidata.org/entity/Q15632617,fictional human
http://www.wikidata.org/entity/Q23750571,http://www.wikidata.org/prop/direct/P31,http://www.wikidata.org/entity/Q15773347,film character
http://www.wikidata.org/entity/Q23750808,http://www.wikidata.org/prop/direct/P31,http://www.wikidata.org/entity/Q15632617,fictional human
http://www.wikidata.org/entity/Q23750808,http://www.wikidata.org/prop/direct/P31,http://www.wikidata.org/entity/Q15773347,film character
http://www.wikidata.org/entity/Q23751000,http://www.wikidata.org/prop/direct/P463,http://www.wikidata.org/entity/Q112135896,Ten Rings
http://www.wikidata.org/entity/Q24046150,http://www.wikidata.org/prop/direct/P31,http://www.wikidata.org/entity/Q15773347,film character
http://www.wikidata.org/entity/Q24046150,http://www.wikidata.org/prop/direct/P31,http://www.wikidata.org/entity/Q66311261,Asgardian
http://www.wikidata.org/entity/Q24046153,http://www.wikidata.org/prop/direct/P31,http://www.wikidata.org/entity/Q15773347,film character
http://www.wikidata.org/entity/Q24046153,http://www.wikidata.org/prop/direct/P31,http://www.wikidata.org/entity/Q66311272,frost giant
http://www.wikidata.org/entity/Q24046153,http://www.wikidata.org/prop/direct/P40,http://www.wikidata.org/entity/Q24046118,Loki
http://www.wikidata.org/entity/Q24046153,http://www.wikidata.org/prop/direct/P7047,http://www.wikidata.org/entity/Q24046102,Thor
http://www.wikidata.org/entity/Q24046153,http://www.wikidata.org/prop/direct/P7047,http://www.wikidata.org/entity/Q24046126,Odin
http://www.wikidata.org/entity/Q24046160,http://www.wikidata.org/prop/direct/P31,http://www.wikidata.org/entity/Q15773347,film character
http://www.wikidata.org/entity/Q24046160,http://www.wikidata.org/prop/direct/P31,http://www.wikidata.org/entity/Q66311261,Asgardian
http://www.wikidata.org/entity/Q24049976,http://www.wikidata.org/prop/direct/P31,http://www.wikidata.org/entity/Q15773347,film character
http://www.wikidata.org/entity/Q24049976,http://www.wikidata.org/prop/direct/P31,http://www.wikidata.org/entity/Q66311261,Asgardian
http://www.wikidata.org/entity/Q24049985,http://www.wikidata.org/prop/direct/P31,http://www.wikidata.org/entity/Q15773347,film character
http://www.wikidata.org/entity/Q24049985,http://www.wikidata.org/prop/direct/P31,http://www.wikidata.org/entity/Q66311261,Asgardian
http://www.wikidata.org/entity/Q24049994,http://www.wikidata.org/prop/direct/P31,http://www.wikidata.org/entity/Q15773317,television character
http://www.wikidata.org/entity/Q24049994,http://www.wikidata.org/prop/direct/P31,http://www.wikidata.org/entity/Q15773347,film character
http://www.wikidata.org/entity/Q24049994,http://www.wikidata.org/prop/direct/P31,http://www.wikidata.org/entity/Q66311261,Asgardian
http://www.wikidata.org/entity/Q24049999,http://www.wikidata.org/prop/direct/P26,http://www.wikidata.org/entity/Q24046126,Odin
http://www.wikidata.org/entity/Q24049999,http://www.wikidata.org/prop/direct/P31,http://www.wikidata.org/entity/Q15773347,film character
http://www.wikidata.org/entity/Q24049999,http://www.wikidata.org/prop/direct/P31,http://www.wikidata.org/entity/Q66311261,Asgardian
http://www.wikidata.org/entity/Q24049999,http://www.wikidata.org/prop/direct/P40,http://www.wikidata.org/entity/Q24046102,Thor
http://www.wikidata.org/entity/Q24049999,http://www.wikidata.org/prop/direct/P40,http://www.wikidata.org/entity/Q24046118,Loki
http://www.wikidata.org/entity/Q24049999,http://www.wikidata.org/prop/direct/P40,http://www.wikidata.org/entity/Q24050122,Hela
http://www.wikidata.org/entity/Q24050065,http://www.wikidata.org/prop/direct/P22,http://www.wikidata.org/entity/Q24050114,Ego
http://www.wikidata.org/entity/Q24050065,http://www.wikidata.org/prop/direct/P25,http://www.wikidata.org/entity/Q65952811,Meredith Quill
http://www.wikidata.org/entity/Q24050065,http://www.wikidata.org/prop/direct/P27,http://www.wikidata.org/entity/Q30,United States
http://www.wikidata.org/entity/Q24050065,http://www.wikidata.org/prop/direct/P451,http://www.wikidata.org/entity/Q24050072,Gamora
http://www.wikidata.org/entity/Q27101591,http://www.wikidata.org/prop/direct/P31,http://www.wikidata.org/entity/Q18327510,fictional robot
http://www.wikidata.org/entity/Q27101591,http://www.wikidata.org/prop/direct/P31,http://www.wikidata.org/entity/Q55740544,CGI character
http://www.wikidata.org/entity/Q27101591,http://www.wikidata.org/prop/direct/P31,http://www.wikidata.org/entity/Q66481339,fictional artificial intelligence
http://www.wikidata.org/entity/Q27101792,http://www.wikidata.org/prop/direct/P27,http://www.wikidata.org/entity/Q106143110,Sokovia
http://www.wikidata.org/entity/Q27101792,http://www.wikidata.org/prop/direct/P31,http://www.wikidata.org/entity/Q7575652,speedster
http://www.wikidata.org/entity/Q27101792,http://www.wikidata.org/prop/direct/P31,http://www.wikidata.org/entity/Q15632617,fictional human
http://www.wikidata.org/entity/Q27101792,http://www.wikidata.org/prop/direct/P31,http://www.wikidata.org/entity/Q15773347,film character
http://www.wikidata.org/entity/Q27101792,http://www.wikidata.org/prop/direct/P3373,http://www.wikidata.org/entity/Q24022542,Wanda Maximoff
http://www.wikidata.org/entity/Q27132943,http://www.wikidata.org/prop/direct/P27,http://www.wikidata.org/entity/Q30,United States
http://www.wikidata.org/entity/Q27132943,http://www.wikidata.org/prop/direct/P31,http://www.wikidata.org/entity/Q95074,character
http://www.wikidata.org/entity/Q27132943,http://www.wikidata.org/prop/direct/P31,http://www.wikidata.org/entity/Q15773317,television character
http://www.wikidata.org/entity/Q27132943,http://www.wikidata.org/prop/direct/P463,http://www.wikidata.org/entity/Q7242746,Pride
http://www.wikidata.org/entity/Q27132943,http://www.wikidata.org/prop/direct/P7047,http://www.wikidata.org/entity/Q2267760,Luke Cage
http://www.wikidata.org/entity/Q27147335,http://www.wikidata.org/prop/direct/P31,http://www.wikidata.org/entity/Q15632617,fictional human
http://www.wikidata.org/entity/Q27147335,http://www.wikidata.org/prop/direct/P31,http://www.wikidata.org/entity/Q15773347,film character
http://www.wikidata.org/entity/Q27147410,http://www.wikidata.org/prop/direct/P31,http://www.wikidata.org/entity/Q15632617,fictional human
http://www.wikidata.org/entity/Q27147410,http://www.wikidata.org/prop/direct/P31,http://www.wikidata.org/entity/Q15773347,film character
http://www.wikidata.org/entity/Q27237328,http://www.wikidata.org/prop/direct/P31,http://www.wikidata.org/entity/Q15632617,fictional human
http://www.wikidata.org/entity/Q27237328,http://www.wikidata.org/prop/direct/P31,http://www.wikidata.org/entity/Q15773347,film character
http://www.wikidata.org/entity/Q27468455,http://www.wikidata.org/prop/direct/P27,http://www.wikidata.org/entity/Q30,United States
http://www.wikidata.org/entity/Q27468455,http://www.wikidata.org/prop/direct/P31,http://www.wikidata.org/entity/Q15632617,fictional human
http://www.wikidata.org/entity/Q27468455,http://www.wikidata.org/prop/direct/P31,http://www.wikidata.org/entity/Q15773317,television character
http://www.wikidata.org/entity/Q27468455,http://www.wikidata.org/prop/direct/P106,http://www.wikidata.org/entity/Q186360,nurse
http://www.wikidata.org/entity/Q2893095,http://www.wikidata.org/prop/direct/P31,http://www.wikidata.org/entity/Q79250806,fictional document
http://www.wikidata.org/entity/Q3496918,http://www.wikidata.org/prop/direct/P22,http://www.wikidata.org/entity/Q108173489,J'son
http://www.wikidata.org/entity/Q3496918,http://www.wikidata.org/prop/direct/P27,http://www.wikidata.org/entity/Q30,United States
http://www.wikidata.org/entity/Q3496918,http://www.wikidata.org/prop/direct/P31,http://www.wikidata.org/entity/Q1114461,comics character
http://www.wikidata.org/entity/Q3496918,http://www.wikidata.org/prop/direct/P31,http://www.wikidata.org/entity/Q110625676,extraterrestrial–human hybrid in a work of fiction
http://www.wikidata.org/entity/Q3496918,http://www.wikidata.org/prop/direct/P106,http://www.wikidata.org/entity/Q743438,team leader
http://www.wikidata.org/entity/Q3496918,http://www.wikidata.org/prop/direct/P451,http://www.wikidata.org/entity/Q547306,Kitty Pryde
http://www.wikidata.org/entity/Q3496918,http://www.wikidata.org/prop/direct/P463,http://www.wikidata.org/entity/Q2545790,Guardians of the Galaxy
http://www.wikidata.org/entity/Q3496918,http://www.wikidata.org/prop/direct/P7047,http://www.wikidata.org/entity/Q1772041,Ronan the Accuser
http://www.wikidata.org/entity/Q3496918,http://www.wikidata.org/prop/direct/P7047,http://www.wikidata.org/entity/Q2276627,Thanos
http://www.wikidata.org/entity/Q3496918,http://www.wikidata.org/prop/direct/P7047,http://www.wikidata.org/entity/Q108173489,J'son
http://www.wikidata.org/entity/Q3785970,http://www.wikidata.org/prop/direct/P31,http://www.wikidata.org/entity/Q1858350,Inhumans
http://www.wikidata.org/entity/Q3785970,http://www.wikidata.org/prop/direct/P31,http://www.wikidata.org/entity/Q15773317,television character
http://www.wikidata.org/entity/Q3785970,http://www.wikidata.org/prop/direct/P463,http://www.wikidata.org/entity/Q3052324,Hydra
http://www.wikidata.org/entity/Q4135325,http://www.wikidata.org/prop/direct/P31,http://www.wikidata.org/entity/Q15632617,fictional human
http://www.wikidata.org/entity/Q4135325,http://www.wikidata.org/prop/direct/P31,http://www.wikidata.org/entity/Q15773347,film character
http://www.wikidata.org/entity/Q4135325,http://www.wikidata.org/prop/direct/P106,http://www.wikidata.org/entity/Q752129,astrophysicist
http://www.wikidata.org/entity/Q4135325,http://www.wikidata.org/prop/direct/P7047,http://www.wikidata.org/entity/Q1147326,Loki
http://www.wikidata.org/entity/Q4412856,http://www.wikidata.org/prop/direct/P31,http://www.wikidata.org/entity/Q24286894,fictional humanoid species
http://www.wikidata.org/entity/Q6483429,http://www.wikidata.org/prop/direct/P31,http://www.wikidata.org/entity/Q1114461,comics character
http://www.wikidata.org/entity/Q6483429,http://www.wikidata.org/prop/direct/P31,http://www.wikidata.org/entity/Q15632617,fictional human
http://www.wikidata.org/entity/Q6483429,http://www.wikidata.org/prop/direct/P31,http://www.wikidata.org/entity/Q15773317,television character
http://www.wikidata.org/entity/Q6911845,http://www.wikidata.org/prop/direct/P31,http://www.wikidata.org/entity/Q1114461,comics character
http://www.wikidata.org/entity/Q6911845,http://www.wikidata.org/prop/direct/P31,http://www.wikidata.org/entity/Q15632617,fictional human
http://www.wikidata.org/entity/Q6911845,http://www.wikidata.org/prop/direct/P31,http://www.wikidata.org/entity/Q15773347,film character
http://www.wikidata.org/entity/Q24050065,http://www.wikidata.org/prop/direct/P31,http://www.wikidata.org/entity/Q15632617,fictional human
http://www.wikidata.org/entity/Q24050065,http://www.wikidata.org/prop/direct/P31,http://www.wikidata.org/entity/Q15773347,film character
http://www.wikidata.org/entity/Q24050072,http://www.wikidata.org/prop/direct/P22,http://www.wikidata.org/entity/Q64825451,Thanos
http://www.wikidata.org/entity/Q24050072,http://www.wikidata.org/prop/direct/P31,http://www.wikidata.org/entity/Q15773347,film character
http://www.wikidata.org/entity/Q24050072,http://www.wikidata.org/prop/direct/P31,http://www.wikidata.org/entity/Q66311293,Zehoberei
http://www.wikidata.org/entity/Q24050072,http://www.wikidata.org/prop/direct/P451,http://www.wikidata.org/entity/Q24050065,Peter Quill
http://www.wikidata.org/entity/Q24050072,http://www.wikidata.org/prop/direct/P463,http://www.wikidata.org/entity/Q2545790,Guardians of the Galaxy
http://www.wikidata.org/entity/Q24050072,http://www.wikidata.org/prop/direct/P3373,http://www.wikidata.org/entity/Q24050097,Nebula
http://www.wikidata.org/entity/Q24050079,http://www.wikidata.org/prop/direct/P31,http://www.wikidata.org/entity/Q1307329,extraterrestrials in fiction
http://www.wikidata.org/entity/Q24050079,http://www.wikidata.org/prop/direct/P31,http://www.wikidata.org/entity/Q15773347,film character
http://www.wikidata.org/entity/Q24050079,http://www.wikidata.org/prop/direct/P31,http://www.wikidata.org/entity/Q28020127,fictional humanoid
http://www.wikidata.org/entity/Q24050083,http://www.wikidata.org/prop/direct/P31,http://www.wikidata.org/entity/Q15773347,film character
http://www.wikidata.org/entity/Q24050083,http://www.wikidata.org/prop/direct/P31,http://www.wikidata.org/entity/Q55740544,CGI character
http://www.wikidata.org/entity/Q24050083,http://www.wikidata.org/prop/direct/P31,http://www.wikidata.org/entity/Q111353943,anthropomorphic plant
http://www.wikidata.org/entity/Q24050083,http://www.wikidata.org/prop/direct/P463,http://www.wikidata.org/entity/Q2545790,Guardians of the Galaxy
http://www.wikidata.org/entity/Q24050088,http://www.wikidata.org/prop/direct/P31,http://www.wikidata.org/entity/Q15773347,film character
http://www.wikidata.org/entity/Q24050088,http://www.wikidata.org/prop/direct/P31,http://www.wikidata.org/entity/Q27680988,fictional raccoon
http://www.wikidata.org/entity/Q24050088,http://www.wikidata.org/prop/direct/P31,http://www.wikidata.org/entity/Q55740544,CGI character
http://www.wikidata.org/entity/Q24050088,http://www.wikidata.org/prop/direct/P106,http://www.wikidata.org/entity/Q621613,bounty hunter
http://www.wikidata.org/entity/Q24050093,http://www.wikidata.org/prop/direct/P31,http://www.wikidata.org/entity/Q15773347,film character
http://www.wikidata.org/entity/Q24050093,http://www.wikidata.org/prop/direct/P31,http://www.wikidata.org/entity/Q66311325,Centaurian
http://www.wikidata.org/entity/Q24050097,http://www.wikidata.org/prop/direct/P22,http://www.wikidata.org/entity/Q64825451,Thanos
http://www.wikidata.org/entity/Q24050097,http://www.wikidata.org/prop/direct/P31,http://www.wikidata.org/entity/Q15773347,film character
http://www.wikidata.org/entity/Q24050097,http://www.wikidata.org/prop/direct/P31,http://www.wikidata.org/entity/Q66311328,Luphomoid
http://www.wikidata.org/entity/Q24050097,http://www.wikidata.org/prop/direct/P3373,http://www.wikidata.org/entity/Q24050072,Gamora
http://www.wikidata.org/entity/Q24050108,http://www.wikidata.org/prop/direct/P22,http://www.wikidata.org/entity/Q24050114,Ego
http://www.wikidata.org/entity/Q24050108,http://www.wikidata.org/prop/direct/P31,http://www.wikidata.org/entity/Q15773347,film character
http://www.wikidata.org/entity/Q24050108,http://www.wikidata.org/prop/direct/P31,http://www.wikidata.org/entity/Q28020127,fictional humanoid
http://www.wikidata.org/entity/Q24050108,http://www.wikidata.org/prop/direct/P2563,http://www.wikidata.org/entity/Q182263,empathy
http://www.wikidata.org/entity/Q24050112,http://www.wikidata.org/prop/direct/P31,http://www.wikidata.org/entity/Q15773347,film character
http://www.wikidata.org/entity/Q24050112,http://www.wikidata.org/prop/direct/P31,http://www.wikidata.org/entity/Q66311335,Xandarian
http://www.wikidata.org/entity/Q24050114,http://www.wikidata.org/prop/direct/P31,http://www.wikidata.org/entity/Q2775969,fictional planet
http://www.wikidata.org/entity/Q24050114,http://www.wikidata.org/prop/direct/P31,http://www.wikidata.org/entity/Q15773347,film character
http://www.wikidata.org/entity/Q24050114,http://www.wikidata.org/prop/direct/P31,http://www.wikidata.org/entity/Q66311333,Celestial
http://www.wikidata.org/entity/Q24050114,http://www.wikidata.org/prop/direct/P40,http://www.wikidata.org/entity/Q24050065,Peter Quill
http://www.wikidata.org/entity/Q24050114,http://www.wikidata.org/prop/direct/P40,http://www.wikidata.org/entity/Q24050108,Mantis
http://www.wikidata.org/entity/Q24050114,http://www.wikidata.org/prop/direct/P5800,http://www.wikidata.org/entity/Q245204,antagonist
http://www.wikidata.org/entity/Q24050117,http://www.wikidata.org/prop/direct/P27,http://www.wikidata.org/entity/Q30,United States
http://www.wikidata.org/entity/Q24050117,http://www.wikidata.org/prop/direct/P31,http://www.wikidata.org/entity/Q15632617,fictional human
http://www.wikidata.org/entity/Q24050117,http://www.wikidata.org/prop/direct/P31,http://www.wikidata.org/entity/Q55740544,CGI character
http://www.wikidata.org/entity/Q24050117,http://www.wikidata.org/prop/direct/P31,http://www.wikidata.org/entity/Q96239200,gamma mutate
http://www.wikidata.org/entity/Q24050122,http://www.wikidata.org/prop/direct/P22,http://www.wikidata.org/entity/Q24046126,Odin
http://www.wikidata.org/entity/Q24050122,http://www.wikidata.org/prop/direct/P31,http://www.wikidata.org/entity/Q15773347,film character
http://www.wikidata.org/entity/Q24050122,http://www.wikidata.org/prop/direct/P31,http://www.wikidata.org/entity/Q66311261,Asgardian
http://www.wikidata.org/entity/Q24050122,http://www.wikidata.org/prop/direct/P106,http://www.wikidata.org/entity/Q3683504,Conqueror
http://www.wikidata.org/entity/Q24050122,http://www.wikidata.org/prop/direct/P3373,http://www.wikidata.org/entity/Q24046102,Thor
http://www.wikidata.org/entity/Q24050122,http://www.wikidata.org/prop/direct/P7047,http://www.wikidata.org/entity/Q24046102,Thor
http://www.wikidata.org/entity/Q24050133,http://www.wikidata.org/prop/direct/P22,http://www.wikidata.org/entity/Q24265423,Hank Pym
http://www.wikidata.org/entity/Q24050133,http://www.wikidata.org/prop/direct/P25,http://www.wikidata.org/entity/Q27067914,Janet van Dyne
http://www.wikidata.org/entity/Q24050133,http://www.wikidata.org/prop/direct/P27,http://www.wikidata.org/entity/Q30,United States
http://www.wikidata.org/entity/Q24050133,http://www.wikidata.org/prop/direct/P31,http://www.wikidata.org/entity/Q15632617,fictional human
http://www.wikidata.org/entity/Q24050133,http://www.wikidata.org/prop/direct/P31,http://www.wikidata.org/entity/Q15773347,film character
http://www.wikidata.org/entity/Q24050133,http://www.wikidata.org/prop/direct/P106,http://www.wikidata.org/entity/Q901,scientist
http://www.wikidata.org/entity/Q24068213,http://www.wikidata.org/prop/direct/P31,http://www.wikidata.org/entity/Q15632617,fictional human
http://www.wikidata.org/entity/Q24068213,http://www.wikidata.org/prop/direct/P31,http://www.wikidata.org/entity/Q15773347,film character
http://www.wikidata.org/entity/Q24068213,http://www.wikidata.org/prop/direct/P106,http://www.wikidata.org/entity/Q842782,detective
http://www.wikidata.org/entity/Q24068383,http://www.wikidata.org/prop/direct/P31,http://www.wikidata.org/entity/Q15632617,fictional human
http://www.wikidata.org/entity/Q24068383,http://www.wikidata.org/prop/direct/P31,http://www.wikidata.org/entity/Q15773347,film character
http://www.wikidata.org/entity/Q24068387,http://www.wikidata.org/prop/direct/P463,http://www.wikidata.org/entity/Q112135896,Ten Rings
http://www.wikidata.org/entity/Q24068387,http://www.wikidata.org/prop/direct/P31,http://www.wikidata.org/entity/Q15632617,fictional human
http://www.wikidata.org/entity/Q24068387,http://www.wikidata.org/prop/direct/P31,http://www.wikidata.org/entity/Q15773347,film character
http://www.wikidata.org/entity/Q24068391,http://www.wikidata.org/prop/direct/P31,http://www.wikidata.org/entity/Q15632617,fictional human
http://www.wikidata.org/entity/Q24068391,http://www.wikidata.org/prop/direct/P31,http://www.wikidata.org/entity/Q15773317,television character
http://www.wikidata.org/entity/Q24068391,http://www.wikidata.org/prop/direct/P31,http://www.wikidata.org/entity/Q15773347,film character
http://www.wikidata.org/entity/Q24068391,http://www.wikidata.org/prop/direct/P40,http://www.wikidata.org/entity/Q23900364,Ivan Vanko
http://www.wikidata.org/entity/Q24068402,http://www.wikidata.org/prop/direct/P31,http://www.wikidata.org/entity/Q15632617,fictional human
http://www.wikidata.org/entity/Q24068402,http://www.wikidata.org/prop/direct/P31,http://www.wikidata.org/entity/Q15773347,film character
http://www.wikidata.org/entity/Q24068411,http://www.wikidata.org/prop/direct/P31,http://www.wikidata.org/entity/Q15632617,fictional human
http://www.wikidata.org/entity/Q24068411,http://www.wikidata.org/prop/direct/P31,http://www.wikidata.org/entity/Q15773347,film character
http://www.wikidata.org/entity/Q24073665,http://www.wikidata.org/prop/direct/P31,http://www.wikidata.org/entity/Q15632617,fictional human
http://www.wikidata.org/entity/Q24073665,http://www.wikidata.org/prop/direct/P31,http://www.wikidata.org/entity/Q15773347,film character
http://www.wikidata.org/entity/Q24073681,http://www.wikidata.org/prop/direct/P31,http://www.wikidata.org/entity/Q15632617,fictional human
http://www.wikidata.org/entity/Q24073681,http://www.wikidata.org/prop/direct/P31,http://www.wikidata.org/entity/Q15773347,film character
http://www.wikidata.org/entity/Q24073725,http://www.wikidata.org/prop/direct/P31,http://www.wikidata.org/entity/Q15632617,fictional human
http://www.wikidata.org/entity/Q24073725,http://www.wikidata.org/prop/direct/P31,http://www.wikidata.org/entity/Q15773347,film character
http://www.wikidata.org/entity/Q24083294,http://www.wikidata.org/prop/direct/P31,http://www.wikidata.org/entity/Q15632617,fictional human
http://www.wikidata.org/entity/Q24083294,http://www.wikidata.org/prop/direct/P31,http://www.wikidata.org/entity/Q15773347,film character
http://www.wikidata.org/entity/Q24083312,http://www.wikidata.org/prop/direct/P31,http://www.wikidata.org/entity/Q15632617,fictional human
http://www.wikidata.org/entity/Q24083312,http://www.wikidata.org/prop/direct/P31,http://www.wikidata.org/entity/Q15773347,film character
http://www.wikidata.org/entity/Q24131920,http://www.wikidata.org/prop/direct/P31,http://www.wikidata.org/entity/Q1964689,fictional city
http://www.wikidata.org/entity/Q24175349,http://www.wikidata.org/prop/direct/P31,http://www.wikidata.org/entity/Q15773347,film character
http://www.wikidata.org/entity/Q24175349,http://www.wikidata.org/prop/direct/P31,http://www.wikidata.org/entity/Q66311272,frost giant
http://www.wikidata.org/entity/Q24175951,http://www.wikidata.org/prop/direct/P31,http://www.wikidata.org/entity/Q15773347,film character
http://www.wikidata.org/entity/Q24175951,http://www.wikidata.org/prop/direct/P31,http://www.wikidata.org/entity/Q66311261,Asgardian
http://www.wikidata.org/entity/Q24176023,http://www.wikidata.org/prop/direct/P31,http://www.wikidata.org/entity/Q15773347,film character
http://www.wikidata.org/entity/Q24176023,http://www.wikidata.org/prop/direct/P31,http://www.wikidata.org/entity/Q28020127,fictional humanoid
http://www.wikidata.org/entity/Q24176049,http://www.wikidata.org/prop/direct/P31,http://www.wikidata.org/entity/Q15773347,film character
http://www.wikidata.org/entity/Q24176049,http://www.wikidata.org/prop/direct/P31,http://www.wikidata.org/entity/Q66311261,Asgardian
http://www.wikidata.org/entity/Q24200251,http://www.wikidata.org/prop/direct/P463,http://www.wikidata.org/entity/Q3052324,Hydra
http://www.wikidata.org/entity/Q24200251,http://www.wikidata.org/prop/direct/P2563,http://www.wikidata.org/entity/Q1152040,healing factor
http://www.wikidata.org/entity/Q24200251,http://www.wikidata.org/prop/direct/P2563,http://www.wikidata.org/entity/Q4386945,superhuman strength
http://www.wikidata.org/entity/Q24200251,http://www.wikidata.org/prop/direct/P2563,http://www.wikidata.org/entity/Q23012785,superhuman speed
http://www.wikidata.org/entity/Q24200251,http://www.wikidata.org/prop/direct/P2563,http://www.wikidata.org/entity/Q47089006,superhuman durability
http://www.wikidata.org/entity/Q24200251,http://www.wikidata.org/prop/direct/P27,http://www.wikidata.org/entity/Q183,Germany
http://www.wikidata.org/entity/Q24200251,http://www.wikidata.org/prop/direct/P31,http://www.wikidata.org/entity/Q15632617,fictional human
http://www.wikidata.org/entity/Q24200251,http://www.wikidata.org/prop/direct/P31,http://www.wikidata.org/entity/Q15773347,film character
http://www.wikidata.org/entity/Q24206844,http://www.wikidata.org/prop/direct/P31,http://www.wikidata.org/entity/Q15773347,film character
http://www.wikidata.org/entity/Q24206844,http://www.wikidata.org/prop/direct/P31,http://www.wikidata.org/entity/Q66311272,frost giant
http://www.wikidata.org/entity/Q24207018,http://www.wikidata.org/prop/direct/P27,http://www.wikidata.org/entity/Q145,United Kingdom
http://www.wikidata.org/entity/Q24207018,http://www.wikidata.org/prop/direct/P31,http://www.wikidata.org/entity/Q15632617,fictional human
http://www.wikidata.org/entity/Q23767790,http://www.wikidata.org/prop/direct/P31,http://www.wikidata.org/entity/Q15632617,fictional human
http://www.wikidata.org/entity/Q23767790,http://www.wikidata.org/prop/direct/P31,http://www.wikidata.org/entity/Q15773347,film character
http://www.wikidata.org/entity/Q23767804,http://www.wikidata.org/prop/direct/P31,http://www.wikidata.org/entity/Q15632617,fictional human
http://www.wikidata.org/entity/Q23767804,http://www.wikidata.org/prop/direct/P31,http://www.wikidata.org/entity/Q15773347,film character
http://www.wikidata.org/entity/Q23767828,http://www.wikidata.org/prop/direct/P31,http://www.wikidata.org/entity/Q15632617,fictional human
http://www.wikidata.org/entity/Q23767828,http://www.wikidata.org/prop/direct/P31,http://www.wikidata.org/entity/Q15773347,film character
http://www.wikidata.org/entity/Q23832138,http://www.wikidata.org/prop/direct/P31,http://www.wikidata.org/entity/Q15632617,fictional human
http://www.wikidata.org/entity/Q23832138,http://www.wikidata.org/prop/direct/P31,http://www.wikidata.org/entity/Q15773347,film character
http://www.wikidata.org/entity/Q23832138,http://www.wikidata.org/prop/direct/P106,http://www.wikidata.org/entity/Q48282,student
http://www.wikidata.org/entity/Q23832138,http://www.wikidata.org/prop/direct/P5800,http://www.wikidata.org/entity/Q27623618,minor character
http://www.wikidata.org/entity/Q23894605,http://www.wikidata.org/prop/direct/P31,http://www.wikidata.org/entity/Q15632617,fictional human
http://www.wikidata.org/entity/Q23894605,http://www.wikidata.org/prop/direct/P31,http://www.wikidata.org/entity/Q15773347,film character
http://www.wikidata.org/entity/Q23894605,http://www.wikidata.org/prop/direct/P451,http://www.wikidata.org/entity/Q23991129,Peter Parker
http://www.wikidata.org/entity/Q23894608,http://www.wikidata.org/prop/direct/P31,http://www.wikidata.org/entity/Q15632617,fictional human
http://www.wikidata.org/entity/Q23894608,http://www.wikidata.org/prop/direct/P31,http://www.wikidata.org/entity/Q15773347,film character
http://www.wikidata.org/entity/Q23894967,http://www.wikidata.org/prop/direct/P22,http://www.wikidata.org/entity/Q23900446,Howard Stark
http://www.wikidata.org/entity/Q23894967,http://www.wikidata.org/prop/direct/P25,http://www.wikidata.org/entity/Q24040935,Maria Stark
http://www.wikidata.org/entity/Q23894967,http://www.wikidata.org/prop/direct/P26,http://www.wikidata.org/entity/Q23895000,Pepper Potts
http://www.wikidata.org/entity/Q23894967,http://www.wikidata.org/prop/direct/P31,http://www.wikidata.org/entity/Q15632617,fictional human
http://www.wikidata.org/entity/Q23894967,http://www.wikidata.org/prop/direct/P31,http://www.wikidata.org/entity/Q15773347,film character
http://www.wikidata.org/entity/Q23894967,http://www.wikidata.org/prop/direct/P40,http://www.wikidata.org/entity/Q6911845,Morgan Stark
http://www.wikidata.org/entity/Q23894967,http://www.wikidata.org/prop/direct/P106,http://www.wikidata.org/entity/Q901,scientist
http://www.wikidata.org/entity/Q23894967,http://www.wikidata.org/prop/direct/P106,http://www.wikidata.org/entity/Q43845,businessperson
http://www.wikidata.org/entity/Q23894967,http://www.wikidata.org/prop/direct/P106,http://www.wikidata.org/entity/Q81096,engineer
http://www.wikidata.org/entity/Q23894967,http://www.wikidata.org/prop/direct/P106,http://www.wikidata.org/entity/Q188784,superhero
http://www.wikidata.org/entity/Q23894967,http://www.wikidata.org/prop/direct/P108,http://www.wikidata.org/entity/Q2601147,Stark Industries
http://www.wikidata.org/entity/Q23894967,http://www.wikidata.org/prop/direct/P7047,http://www.wikidata.org/entity/Q112135896,Ten Rings
http://www.wikidata.org/entity/Q23895000,http://www.wikidata.org/prop/direct/P26,http://www.wikidata.org/entity/Q23894967,Tony Stark
http://www.wikidata.org/entity/Q23895000,http://www.wikidata.org/prop/direct/P40,http://www.wikidata.org/entity/Q6911845,Morgan Stark
http://www.wikidata.org/entity/Q23895000,http://www.wikidata.org/prop/direct/P31,http://www.wikidata.org/entity/Q15632617,fictional human
http://www.wikidata.org/entity/Q23895000,http://www.wikidata.org/prop/direct/P31,http://www.wikidata.org/entity/Q15773347,film character
http://www.wikidata.org/entity/Q23895040,http://www.wikidata.org/prop/direct/P27,http://www.wikidata.org/entity/Q30,United States
http://www.wikidata.org/entity/Q23895040,http://www.wikidata.org/prop/direct/P31,http://www.wikidata.org/entity/Q15632617,fictional human
http://www.wikidata.org/entity/Q23895040,http://www.wikidata.org/prop/direct/P31,http://www.wikidata.org/entity/Q15773347,film character
http://www.wikidata.org/entity/Q23895063,http://www.wikidata.org/prop/direct/P22,http://www.wikidata.org/entity/Q65935848,Alexei Shostakov
http://www.wikidata.org/entity/Q23895063,http://www.wikidata.org/prop/direct/P31,http://www.wikidata.org/entity/Q15632617,fictional human
http://www.wikidata.org/entity/Q23895063,http://www.wikidata.org/prop/direct/P31,http://www.wikidata.org/entity/Q15773347,film character
http://www.wikidata.org/entity/Q23895063,http://www.wikidata.org/prop/direct/P106,http://www.wikidata.org/entity/Q188784,superhero
http://www.wikidata.org/entity/Q23895063,http://www.wikidata.org/prop/direct/P106,http://www.wikidata.org/entity/Q9352089,spy
http://www.wikidata.org/entity/Q23895063,http://www.wikidata.org/prop/direct/P106,http://www.wikidata.org/entity/Q23835475,assistant
http://www.wikidata.org/entity/Q23895063,http://www.wikidata.org/prop/direct/P463,http://www.wikidata.org/entity/Q80919,KGB
http://www.wikidata.org/entity/Q23895063,http://www.wikidata.org/prop/direct/P463,http://www.wikidata.org/entity/Q322646,Avengers
http://www.wikidata.org/entity/Q23895063,http://www.wikidata.org/prop/direct/P463,http://www.wikidata.org/entity/Q911971,S.H.I.E.L.D.
http://www.wikidata.org/entity/Q23895063,http://www.wikidata.org/prop/direct/P463,http://www.wikidata.org/entity/Q2601147,Stark Industries
http://www.wikidata.org/entity/Q23895063,http://www.wikidata.org/prop/direct/P463,http://www.wikidata.org/entity/Q18975746,Red Room
http://www.wikidata.org/entity/Q23895063,http://www.wikidata.org/prop/direct/P3373,http://www.wikidata.org/entity/Q107506977,Yelena Belova
http://www.wikidata.org/entity/Q23895076,http://www.wikidata.org/prop/direct/P31,http://www.wikidata.org/entity/Q15632617,fictional human
http://www.wikidata.org/entity/Q23895076,http://www.wikidata.org/prop/direct/P31,http://www.wikidata.org/entity/Q15773347,film character
http://www.wikidata.org/entity/Q23900364,http://www.wikidata.org/prop/direct/P22,http://www.wikidata.org/entity/Q24068391,Anton Vanko
http://www.wikidata.org/entity/Q23900364,http://www.wikidata.org/prop/direct/P27,http://www.wikidata.org/entity/Q159,Russia
http://www.wikidata.org/entity/Q23900364,http://www.wikidata.org/prop/direct/P31,http://www.wikidata.org/entity/Q15632617,fictional human
http://www.wikidata.org/entity/Q23900364,http://www.wikidata.org/prop/direct/P31,http://www.wikidata.org/entity/Q15773347,film character
http://www.wikidata.org/entity/Q23900364,http://www.wikidata.org/prop/direct/P106,http://www.wikidata.org/entity/Q169470,physicist
http://www.wikidata.org/entity/Q23900377,http://www.wikidata.org/prop/direct/P27,http://www.wikidata.org/entity/Q30,United States
http://www.wikidata.org/entity/Q23900377,http://www.wikidata.org/prop/direct/P31,http://www.wikidata.org/entity/Q15632617,fictional human
http://www.wikidata.org/entity/Q23900377,http://www.wikidata.org/prop/direct/P31,http://www.wikidata.org/entity/Q15773317,television character
http://www.wikidata.org/entity/Q23900377,http://www.wikidata.org/prop/direct/P31,http://www.wikidata.org/entity/Q15773347,film character
http://www.wikidata.org/entity/Q23900377,http://www.wikidata.org/prop/direct/P463,http://www.wikidata.org/entity/Q37230,Central Intelligence Agency
http://www.wikidata.org/entity/Q23900377,http://www.wikidata.org/prop/direct/P463,http://www.wikidata.org/entity/Q911971,S.H.I.E.L.D.
http://www.wikidata.org/entity/Q23900407,http://www.wikidata.org/prop/direct/P31,http://www.wikidata.org/entity/Q15632617,fictional human
http://www.wikidata.org/entity/Q23900407,http://www.wikidata.org/prop/direct/P31,http://www.wikidata.org/entity/Q15773347,film character
http://www.wikidata.org/entity/Q23900407,http://www.wikidata.org/prop/direct/P106,http://www.wikidata.org/entity/Q1930187,journalist
http://www.wikidata.org/entity/Q23900437,http://www.wikidata.org/prop/direct/P27,http://www.wikidata.org/entity/Q30,United States
http://www.wikidata.org/entity/Q23900437,http://www.wikidata.org/prop/direct/P31,http://www.wikidata.org/entity/Q15632617,fictional human
http://www.wikidata.org/entity/Q23900437,http://www.wikidata.org/prop/direct/P31,http://www.wikidata.org/entity/Q15773347,film character
http://www.wikidata.org/entity/Q23900446,http://www.wikidata.org/prop/direct/P26,http://www.wikidata.org/entity/Q24040935,Maria Stark
http://www.wikidata.org/entity/Q23900446,http://www.wikidata.org/prop/direct/P27,http://www.wikidata.org/entity/Q30,United States
http://www.wikidata.org/entity/Q23900446,http://www.wikidata.org/prop/direct/P31,http://www.wikidata.org/entity/Q15632617,fictional human
http://www.wikidata.org/entity/Q23900446,http://www.wikidata.org/prop/direct/P31,http://www.wikidata.org/entity/Q15773317,television character
http://www.wikidata.org/entity/Q23900446,http://www.wikidata.org/prop/direct/P31,http://www.wikidata.org/entity/Q15773347,film character
http://www.wikidata.org/entity/Q23900446,http://www.wikidata.org/prop/direct/P40,http://www.wikidata.org/entity/Q23894967,Tony Stark
http://www.wikidata.org/entity/Q23900446,http://www.wikidata.org/prop/direct/P106,http://www.wikidata.org/entity/Q43845,businessperson
http://www.wikidata.org/entity/Q23900446,http://www.wikidata.org/prop/direct/P106,http://www.wikidata.org/entity/Q205375,inventor
http://www.wikidata.org/entity/Q23900470,http://www.wikidata.org/prop/direct/P31,http://www.wikidata.org/entity/Q15632617,fictional human
http://www.wikidata.org/entity/Q23900470,http://www.wikidata.org/prop/direct/P31,http://www.wikidata.org/entity/Q15773347,film character
http://www.wikidata.org/entity/Q23991129,http://www.wikidata.org/prop/direct/P27,http://www.wikidata.org/entity/Q30,United States
http://www.wikidata.org/entity/Q23991129,http://www.wikidata.org/prop/direct/P31,http://www.wikidata.org/entity/Q15632617,fictional human
http://www.wikidata.org/entity/Q23991129,http://www.wikidata.org/prop/direct/P31,http://www.wikidata.org/entity/Q15773347,film character
http://www.wikidata.org/entity/Q23991129,http://www.wikidata.org/prop/direct/P451,http://www.wikidata.org/entity/Q23894605,Michelle Jones
http://www.wikidata.org/entity/Q23991271,http://www.wikidata.org/prop/direct/P31,http://www.wikidata.org/entity/Q15632617,fictional human
http://www.wikidata.org/entity/Q23991271,http://www.wikidata.org/prop/direct/P31,http://www.wikidata.org/entity/Q15773347,film character
http://www.wikidata.org/entity/Q23991694,http://www.wikidata.org/prop/direct/P27,http://www.wikidata.org/entity/Q30,United States
http://www.wikidata.org/entity/Q23991694,http://www.wikidata.org/prop/direct/P31,http://www.wikidata.org/entity/Q15632617,fictional human
http://www.wikidata.org/entity/Q23991694,http://www.wikidata.org/prop/direct/P31,http://www.wikidata.org/entity/Q15773317,television character
http://www.wikidata.org/entity/Q23991694,http://www.wikidata.org/prop/direct/P31,http://www.wikidata.org/entity/Q15773347,film character
http://www.wikidata.org/entity/Q23991694,http://www.wikidata.org/prop/direct/P31,http://www.wikidata.org/entity/Q22074477,cyborg in a work of fiction
http://www.wikidata.org/entity/Q24004885,http://www.wikidata.org/prop/direct/P22,http://www.wikidata.org/entity/Q24004905,T'Chaka
http://www.wikidata.org/entity/Q24004885,http://www.wikidata.org/prop/direct/P25,http://www.wikidata.org/entity/Q27902081,Ramonda
http://www.wikidata.org/entity/Q24004885,http://www.wikidata.org/prop/direct/P27,http://www.wikidata.org/entity/Q26760958,Wakanda
http://www.wikidata.org/entity/Q24004885,http://www.wikidata.org/prop/direct/P31,http://www.wikidata.org/entity/Q15632617,fictional human
http://www.wikidata.org/entity/Q24004885,http://www.wikidata.org/prop/direct/P31,http://www.wikidata.org/entity/Q15773347,film character
http://www.wikidata.org/entity/Q24004885,http://www.wikidata.org/prop/direct/P3373,http://www.wikidata.org/entity/Q29051978,Shuri
http://www.wikidata.org/entity/Q24004905,http://www.wikidata.org/prop/direct/P27,http://www.wikidata.org/entity/Q26760958,Wakanda
http://www.wikidata.org/entity/Q24004905,http://www.wikidata.org/prop/direct/P31,http://www.wikidata.org/entity/Q15632617,fictional human
http://www.wikidata.org/entity/Q24004905,http://www.wikidata.org/prop/direct/P31,http://www.wikidata.org/entity/Q15773347,film character
http://www.wikidata.org/entity/Q24004905,http://www.wikidata.org/prop/direct/P40,http://www.wikidata.org/entity/Q24004885,T'Challa
http://www.wikidata.org/entity/Q24004905,http://www.wikidata.org/prop/direct/P40,http://www.wikidata.org/entity/Q29051978,Shuri
http://www.wikidata.org/entity/Q24004905,http://www.wikidata.org/prop/direct/P3373,http://www.wikidata.org/entity/Q28379764,N'Jobu
http://www.wikidata.org/entity/Q24022098,http://www.wikidata.org/prop/direct/P31,http://www.wikidata.org/entity/Q15632617,fictional human
http://www.wikidata.org/entity/Q24022098,http://www.wikidata.org/prop/direct/P31,http://www.wikidata.org/entity/Q15773347,film character
http://www.wikidata.org/entity/Q24022345,http://www.wikidata.org/prop/direct/P31,http://www.wikidata.org/entity/Q15632617,fictional human
http://www.wikidata.org/entity/Q24022345,http://www.wikidata.org/prop/direct/P31,http://www.wikidata.org/entity/Q15773317,television character
http://www.wikidata.org/entity/Q24022345,http://www.wikidata.org/prop/direct/P31,http://www.wikidata.org/entity/Q15773347,film character
http://www.wikidata.org/entity/Q24022457,http://www.wikidata.org/prop/direct/P26,http://www.wikidata.org/entity/Q26761640,Zemo's Wife
http://www.wikidata.org/entity/Q24022457,http://www.wikidata.org/prop/direct/P31,http://www.wikidata.org/entity/Q15632617,fictional human
http://www.wikidata.org/entity/Q24022457,http://www.wikidata.org/prop/direct/P31,http://www.wikidata.org/entity/Q15773317,television character
http://www.wikidata.org/entity/Q24022457,http://www.wikidata.org/prop/direct/P31,http://www.wikidata.org/entity/Q15773347,film character
http://www.wikidata.org/entity/Q24022542,http://www.wikidata.org/prop/direct/P26,http://www.wikidata.org/entity/Q24022584,Vision
http://www.wikidata.org/entity/Q24022542,http://www.wikidata.org/prop/direct/P27,http://www.wikidata.org/entity/Q106143110,Sokovia
http://www.wikidata.org/entity/Q24022542,http://www.wikidata.org/prop/direct/P31,http://www.wikidata.org/entity/Q15632617,fictional human
http://www.wikidata.org/entity/Q24022542,http://www.wikidata.org/prop/direct/P31,http://www.wikidata.org/entity/Q15773347,film character
http://www.wikidata.org/entity/Q24022542,http://www.wikidata.org/prop/direct/P463,http://www.wikidata.org/entity/Q106843272,Avengers
http://www.wikidata.org/entity/Q24022542,http://www.wikidata.org/prop/direct/P3373,http://www.wikidata.org/entity/Q27101792,Pietro Maximoff
http://www.wikidata.org/entity/Q24022584,http://www.wikidata.org/prop/direct/P26,http://www.wikidata.org/entity/Q24022542,Wanda Maximoff
http://www.wikidata.org/entity/Q24022584,http://www.wikidata.org/prop/direct/P31,http://www.wikidata.org/entity/Q15773347,film character
http://www.wikidata.org/entity/Q24022584,http://www.wikidata.org/prop/direct/P31,http://www.wikidata.org/entity/Q22074483,fictional android
http://www.wikidata.org/entity/Q24026688,http://www.wikidata.org/prop/direct/P26,http://www.wikidata.org/entity/Q66190494,Laura Barton
http://www.wikidata.org/entity/Q24026688,http://www.wikidata.org/prop/direct/P31,http://www.wikidata.org/entity/Q15632617,fictional human
http://www.wikidata.org/entity/Q24026688,http://www.wikidata.org/prop/direct/P31,http://www.wikidata.org/entity/Q15773347,film character
http://www.wikidata.org/entity/Q24026688,http://www.wikidata.org/prop/direct/P40,http://www.wikidata.org/entity/Q66132777,Cooper Barton
http://www.wikidata.org/entity/Q24026688,http://www.wikidata.org/prop/direct/P40,http://www.wikidata.org/entity/Q66190714,Nathaniel Pietro Barton
http://www.wikidata.org/entity/Q24026688,http://www.wikidata.org/prop/direct/P40,http://www.wikidata.org/entity/Q66190801,Lila Barton
http://www.wikidata.org/entity/Q24026703,http://www.wikidata.org/prop/direct/P26,http://www.wikidata.org/entity/Q24276092,Maggie Lang
http://www.wikidata.org/entity/Q24026703,http://www.wikidata.org/prop/direct/P31,http://www.wikidata.org/entity/Q15632617,fictional human
http://www.wikidata.org/entity/Q24026703,http://www.wikidata.org/prop/direct/P31,http://www.wikidata.org/entity/Q15773347,film character
http://www.wikidata.org/entity/Q24026703,http://www.wikidata.org/prop/direct/P40,http://www.wikidata.org/entity/Q27057203,Cassie Lang
http://www.wikidata.org/entity/Q24027376,http://www.wikidata.org/prop/direct/P40,http://www.wikidata.org/entity/Q65929788,Betty Ross
http://www.wikidata.org/entity/Q24027376,http://www.wikidata.org/prop/direct/P27,http://www.wikidata.org/entity/Q30,United States
http://www.wikidata.org/entity/Q24027376,http://www.wikidata.org/prop/direct/P31,http://www.wikidata.org/entity/Q15632617,fictional human
http://www.wikidata.org/entity/Q24027376,http://www.wikidata.org/prop/direct/P31,http://www.wikidata.org/entity/Q15773347,film character
http://www.wikidata.org/entity/Q24027376,http://www.wikidata.org/prop/direct/P31,http://www.wikidata.org/entity/Q96239200,gamma mutate
http://www.wikidata.org/entity/Q24027486,http://www.wikidata.org/prop/direct/P31,http://www.wikidata.org/entity/Q15632617,fictional human
http://www.wikidata.org/entity/Q24027486,http://www.wikidata.org/prop/direct/P31,http://www.wikidata.org/entity/Q15773317,television character
http://www.wikidata.org/entity/Q24027486,http://www.wikidata.org/prop/direct/P31,http://www.wikidata.org/entity/Q15773347,film character
http://www.wikidata.org/entity/Q24027955,http://www.wikidata.org/prop/direct/P27,http://www.wikidata.org/entity/Q30,United States
http://www.wikidata.org/entity/Q24027955,http://www.wikidata.org/prop/direct/P31,http://www.wikidata.org/entity/Q15632617,fictional human
http://www.wikidata.org/entity/Q24027955,http://www.wikidata.org/prop/direct/P31,http://www.wikidata.org/entity/Q15773317,television character
http://www.wikidata.org/entity/Q24027972,http://www.wikidata.org/prop/direct/P31,http://www.wikidata.org/entity/Q15632617,fictional human
http://www.wikidata.org/entity/Q24027972,http://www.wikidata.org/prop/direct/P31,http://www.wikidata.org/entity/Q15773317,television character
http://www.wikidata.org/entity/Q24027972,http://www.wikidata.org/prop/direct/P463,http://www.wikidata.org/entity/Q911971,S.H.I.E.L.D.
http://www.wikidata.org/entity/Q24027982,http://www.wikidata.org/prop/direct/P31,http://www.wikidata.org/entity/Q15632617,fictional human
http://www.wikidata.org/entity/Q24027982,http://www.wikidata.org/prop/direct/P31,http://www.wikidata.org/entity/Q15773317,television character
http://www.wikidata.org/entity/Q24027982,http://www.wikidata.org/prop/direct/P106,http://www.wikidata.org/entity/Q81096,engineer
http://www.wikidata.org/entity/Q24027982,http://www.wikidata.org/prop/direct/P463,http://www.wikidata.org/entity/Q911971,S.H.I.E.L.D.
http://www.wikidata.org/entity/Q24034679,http://www.wikidata.org/prop/direct/P26,http://www.wikidata.org/entity/Q24022098,Steve Rogers
http://www.wikidata.org/entity/Q24034679,http://www.wikidata.org/prop/direct/P27,http://www.wikidata.org/entity/Q145,United Kingdom
http://www.wikidata.org/entity/Q24034679,http://www.wikidata.org/prop/direct/P31,http://www.wikidata.org/entity/Q1975749,supersoldier
http://www.wikidata.org/entity/Q24034679,http://www.wikidata.org/prop/direct/P31,http://www.wikidata.org/entity/Q15632617,fictional human
http://www.wikidata.org/entity/Q24034679,http://www.wikidata.org/prop/direct/P31,http://www.wikidata.org/entity/Q15773317,television character
http://www.wikidata.org/entity/Q24034679,http://www.wikidata.org/prop/direct/P31,http://www.wikidata.org/entity/Q15773347,film character
http://www.wikidata.org/entity/Q24034679,http://www.wikidata.org/prop/direct/P106,http://www.wikidata.org/entity/Q4991371,soldier
http://www.wikidata.org/entity/Q24034722,http://www.wikidata.org/prop/direct/P31,http://www.wikidata.org/entity/Q14831768,mutate
http://www.wikidata.org/entity/Q24034722,http://www.wikidata.org/prop/direct/P31,http://www.wikidata.org/entity/Q15632617,fictional human
http://www.wikidata.org/entity/Q24034722,http://www.wikidata.org/prop/direct/P31,http://www.wikidata.org/entity/Q15773347,film character
http://www.wikidata.org/entity/Q24034722,http://www.wikidata.org/prop/direct/P106,http://www.wikidata.org/entity/Q148401,magician
http://www.wikidata.org/entity/Q24034722,http://www.wikidata.org/prop/direct/P106,http://www.wikidata.org/entity/Q9385011,neurosurgeon
http://www.wikidata.org/entity/Q24034722,http://www.wikidata.org/prop/direct/P463,http://www.wikidata.org/entity/Q322646,Avengers
http://www.wikidata.org/entity/Q24034722,http://www.wikidata.org/prop/direct/P463,http://www.wikidata.org/entity/Q609250,Defenders
http://www.wikidata.org/entity/Q24034722,http://www.wikidata.org/prop/direct/P463,http://www.wikidata.org/entity/Q632771,Illuminati
http://www.wikidata.org/entity/Q24034722,http://www.wikidata.org/prop/direct/P463,http://www.wikidata.org/entity/Q2264980,The New Avengers
http://www.wikidata.org/entity/Q24034722,http://www.wikidata.org/prop/direct/P463,http://www.wikidata.org/entity/Q3072235,Midnight Sons
http://www.wikidata.org/entity/Q24034722,http://www.wikidata.org/prop/direct/P463,http://www.wikidata.org/entity/Q106843272,Avengers
http://www.wikidata.org/entity/Q24034722,http://www.wikidata.org/prop/direct/P2563,http://www.wikidata.org/entity/Q1064192,magic in fiction
http://www.wikidata.org/entity/Q24040742,http://www.wikidata.org/prop/direct/P31,http://www.wikidata.org/entity/Q15632617,fictional human
http://www.wikidata.org/entity/Q24040742,http://www.wikidata.org/prop/direct/P31,http://www.wikidata.org/entity/Q15773347,film character
http://www.wikidata.org/entity/Q24040913,http://www.wikidata.org/prop/direct/P31,http://www.wikidata.org/entity/Q15632617,fictional human
http://www.wikidata.org/entity/Q24040913,http://www.wikidata.org/prop/direct/P31,http://www.wikidata.org/entity/Q15773347,film character
http://www.wikidata.org/entity/Q24040935,http://www.wikidata.org/prop/direct/P26,http://www.wikidata.org/entity/Q23900446,Howard Stark
http://www.wikidata.org/entity/Q24040935,http://www.wikidata.org/prop/direct/P31,http://www.wikidata.org/entity/Q15632617,fictional human
http://www.wikidata.org/entity/Q24040935,http://www.wikidata.org/prop/direct/P31,http://www.wikidata.org/entity/Q15773347,film character
http://www.wikidata.org/entity/Q24040935,http://www.wikidata.org/prop/direct/P40,http://www.wikidata.org/entity/Q23894967,Tony Stark
http://www.wikidata.org/entity/Q24040949,http://www.wikidata.org/prop/direct/P31,http://www.wikidata.org/entity/Q15632617,fictional human
http://www.wikidata.org/entity/Q24040949,http://www.wikidata.org/prop/direct/P31,http://www.wikidata.org/entity/Q15773347,film character
http://www.wikidata.org/entity/Q24040958,http://www.wikidata.org/prop/direct/P31,http://www.wikidata.org/entity/Q15632617,fictional human
http://www.wikidata.org/entity/Q24040958,http://www.wikidata.org/prop/direct/P31,http://www.wikidata.org/entity/Q15773347,film character
http://www.wikidata.org/entity/Q24040968,http://www.wikidata.org/prop/direct/P31,http://www.wikidata.org/entity/Q15632617,fictional human
http://www.wikidata.org/entity/Q24040968,http://www.wikidata.org/prop/direct/P31,http://www.wikidata.org/entity/Q15773347,film character
http://www.wikidata.org/entity/Q24043637,http://www.wikidata.org/prop/direct/P31,http://www.wikidata.org/entity/Q15632617,fictional human
http://www.wikidata.org/entity/Q24043637,http://www.wikidata.org/prop/direct/P31,http://www.wikidata.org/entity/Q15773347,film character
http://www.wikidata.org/entity/Q24045741,http://www.wikidata.org/prop/direct/P31,http://www.wikidata.org/entity/Q15632617,fictional human
http://www.wikidata.org/entity/Q24045741,http://www.wikidata.org/prop/direct/P31,http://www.wikidata.org/entity/Q15773347,film character
http://www.wikidata.org/entity/Q24045748,http://www.wikidata.org/prop/direct/P31,http://www.wikidata.org/entity/Q15632617,fictional human
http://www.wikidata.org/entity/Q24045748,http://www.wikidata.org/prop/direct/P31,http://www.wikidata.org/entity/Q15773347,film character
http://www.wikidata.org/entity/Q24045748,http://www.wikidata.org/prop/direct/P106,http://www.wikidata.org/entity/Q774306,surgeon
http://www.wikidata.org/entity/Q24045752,http://www.wikidata.org/prop/direct/P31,http://www.wikidata.org/entity/Q1792372,character
http://www.wikidata.org/entity/Q24045752,http://www.wikidata.org/prop/direct/P31,http://www.wikidata.org/entity/Q15632617,fictional human
http://www.wikidata.org/entity/Q24045752,http://www.wikidata.org/prop/direct/P31,http://www.wikidata.org/entity/Q15773347,film character
http://www.wikidata.org/entity/Q24045752,http://www.wikidata.org/prop/direct/P106,http://www.wikidata.org/entity/Q148401,magician
http://www.wikidata.org/entity/Q24046102,http://www.wikidata.org/prop/direct/P22,http://www.wikidata.org/entity/Q24046126,Odin
http://www.wikidata.org/entity/Q24046102,http://www.wikidata.org/prop/direct/P31,http://www.wikidata.org/entity/Q15773347,film character
http://www.wikidata.org/entity/Q24046102,http://www.wikidata.org/prop/direct/P31,http://www.wikidata.org/entity/Q66311261,Asgardian
http://www.wikidata.org/entity/Q24046102,http://www.wikidata.org/prop/direct/P463,http://www.wikidata.org/entity/Q106843272,Avengers
http://www.wikidata.org/entity/Q24046102,http://www.wikidata.org/prop/direct/P463,http://www.wikidata.org/entity/Q113576166,Guardians of the Galaxy
http://www.wikidata.org/entity/Q24046102,http://www.wikidata.org/prop/direct/P2563,http://www.wikidata.org/entity/Q1879366,electrokinesis
http://www.wikidata.org/entity/Q24046102,http://www.wikidata.org/prop/direct/P2563,http://www.wikidata.org/entity/Q4386945,superhuman strength
http://www.wikidata.org/entity/Q24046102,http://www.wikidata.org/prop/direct/P2563,http://www.wikidata.org/entity/Q47089006,superhuman durability
http://www.wikidata.org/entity/Q24046102,http://www.wikidata.org/prop/direct/P3373,http://www.wikidata.org/entity/Q24046118,Loki
http://www.wikidata.org/entity/Q24046102,http://www.wikidata.org/prop/direct/P3373,http://www.wikidata.org/entity/Q24050122,Hela
http://www.wikidata.org/entity/Q24046102,http://www.wikidata.org/prop/direct/P7047,http://www.wikidata.org/entity/Q1147326,Loki
http://www.wikidata.org/entity/Q24046102,http://www.wikidata.org/prop/direct/P7047,http://www.wikidata.org/entity/Q2276627,Thanos
http://www.wikidata.org/entity/Q27624318,http://www.wikidata.org/prop/direct/P31,http://www.wikidata.org/entity/Q15632617,fictional human
http://www.wikidata.org/entity/Q27624318,http://www.wikidata.org/prop/direct/P31,http://www.wikidata.org/entity/Q15773347,film character
http://www.wikidata.org/entity/Q27624531,http://www.wikidata.org/prop/direct/P31,http://www.wikidata.org/entity/Q15632617,fictional human
http://www.wikidata.org/entity/Q27624531,http://www.wikidata.org/prop/direct/P31,http://www.wikidata.org/entity/Q15773347,film character
http://www.wikidata.org/entity/Q27624560,http://www.wikidata.org/prop/direct/P31,http://www.wikidata.org/entity/Q15632617,fictional human
http://www.wikidata.org/entity/Q27624560,http://www.wikidata.org/prop/direct/P31,http://www.wikidata.org/entity/Q15773347,film character
http://www.wikidata.org/entity/Q27627816,http://www.wikidata.org/prop/direct/P31,http://www.wikidata.org/entity/Q15773347,film character
http://www.wikidata.org/entity/Q27627816,http://www.wikidata.org/prop/direct/P31,http://www.wikidata.org/entity/Q30017383,fictional organism
http://www.wikidata.org/entity/Q27670271,http://www.wikidata.org/prop/direct/P31,http://www.wikidata.org/entity/Q15632617,fictional human
http://www.wikidata.org/entity/Q27670271,http://www.wikidata.org/prop/direct/P31,http://www.wikidata.org/entity/Q15773347,film character
http://www.wikidata.org/entity/Q27670314,http://www.wikidata.org/prop/direct/P31,http://www.wikidata.org/entity/Q15632617,fictional human
http://www.wikidata.org/entity/Q27670314,http://www.wikidata.org/prop/direct/P31,http://www.wikidata.org/entity/Q15773347,film character
http://www.wikidata.org/entity/Q27670318,http://www.wikidata.org/prop/direct/P31,http://www.wikidata.org/entity/Q15632617,fictional human
http://www.wikidata.org/entity/Q27670318,http://www.wikidata.org/prop/direct/P31,http://www.wikidata.org/entity/Q15773347,film character
http://www.wikidata.org/entity/Q27670318,http://www.wikidata.org/prop/direct/P106,http://www.wikidata.org/entity/Q39631,physician
http://www.wikidata.org/entity/Q27670335,http://www.wikidata.org/prop/direct/P31,http://www.wikidata.org/entity/Q15632617,fictional human
http://www.wikidata.org/entity/Q27670335,http://www.wikidata.org/prop/direct/P31,http://www.wikidata.org/entity/Q15773347,film character
http://www.wikidata.org/entity/Q27670335,http://www.wikidata.org/prop/direct/P106,http://www.wikidata.org/entity/Q186360,nurse
http://www.wikidata.org/entity/Q27670340,http://www.wikidata.org/prop/direct/P31,http://www.wikidata.org/entity/Q15632617,fictional human
http://www.wikidata.org/entity/Q27670340,http://www.wikidata.org/prop/direct/P31,http://www.wikidata.org/entity/Q15773347,film character
http://www.wikidata.org/entity/Q27670340,http://www.wikidata.org/prop/direct/P106,http://www.wikidata.org/entity/Q39631,physician
http://www.wikidata.org/entity/Q27670356,http://www.wikidata.org/prop/direct/P31,http://www.wikidata.org/entity/Q15632617,fictional human
http://www.wikidata.org/entity/Q27670356,http://www.wikidata.org/prop/direct/P31,http://www.wikidata.org/entity/Q15773347,film character
http://www.wikidata.org/entity/Q27670356,http://www.wikidata.org/prop/direct/P106,http://www.wikidata.org/entity/Q39631,physician
http://www.wikidata.org/entity/Q27804665,http://www.wikidata.org/prop/direct/P31,http://www.wikidata.org/entity/Q15632617,fictional human
http://www.wikidata.org/entity/Q27804665,http://www.wikidata.org/prop/direct/P31,http://www.wikidata.org/entity/Q15773347,film character
http://www.wikidata.org/entity/Q27813421,http://www.wikidata.org/prop/direct/P26,http://www.wikidata.org/entity/Q66192865,Doris Toomes
http://www.wikidata.org/entity/Q27813421,http://www.wikidata.org/prop/direct/P31,http://www.wikidata.org/entity/Q15632617,fictional human
http://www.wikidata.org/entity/Q27813421,http://www.wikidata.org/prop/direct/P31,http://www.wikidata.org/entity/Q15773347,film character
http://www.wikidata.org/entity/Q27813421,http://www.wikidata.org/prop/direct/P40,http://www.wikidata.org/entity/Q26809707,Liz Toomes
http://www.wikidata.org/entity/Q27902081,http://www.wikidata.org/prop/direct/P27,http://www.wikidata.org/entity/Q26760958,Wakanda
http://www.wikidata.org/entity/Q27902081,http://www.wikidata.org/prop/direct/P31,http://www.wikidata.org/entity/Q15632617,fictional human
http://www.wikidata.org/entity/Q27902081,http://www.wikidata.org/prop/direct/P31,http://www.wikidata.org/entity/Q15773347,film character
http://www.wikidata.org/entity/Q27902081,http://www.wikidata.org/prop/direct/P40,http://www.wikidata.org/entity/Q24004885,T'Challa
http://www.wikidata.org/entity/Q27902081,http://www.wikidata.org/prop/direct/P40,http://www.wikidata.org/entity/Q29051978,Shuri
http://www.wikidata.org/entity/Q27902081,http://www.wikidata.org/prop/direct/P106,http://www.wikidata.org/entity/Q16511993,queen
http://www.wikidata.org/entity/Q27996066,http://www.wikidata.org/prop/direct/P31,http://www.wikidata.org/entity/Q15632617,fictional human
http://www.wikidata.org/entity/Q27996066,http://www.wikidata.org/prop/direct/P31,http://www.wikidata.org/entity/Q15773347,film character
http://www.wikidata.org/entity/Q27996066,http://www.wikidata.org/prop/direct/P7047,http://www.wikidata.org/entity/Q23991129,Peter Parker
http://www.wikidata.org/entity/Q28379764,http://www.wikidata.org/prop/direct/P40,http://www.wikidata.org/entity/Q26268850,Erik Killmonger
http://www.wikidata.org/entity/Q28379764,http://www.wikidata.org/prop/direct/P3373,http://www.wikidata.org/entity/Q24004905,T'Chaka
http://www.wikidata.org/entity/Q28379764,http://www.wikidata.org/prop/direct/P31,http://www.wikidata.org/entity/Q15632617,fictional human
http://www.wikidata.org/entity/Q28379764,http://www.wikidata.org/prop/direct/P31,http://www.wikidata.org/entity/Q15773347,film character
http://www.wikidata.org/entity/Q28914116,http://www.wikidata.org/prop/direct/P31,http://www.wikidata.org/entity/Q1307329,extraterrestrials in fiction
http://www.wikidata.org/entity/Q28914116,http://www.wikidata.org/prop/direct/P31,http://www.wikidata.org/entity/Q15773347,film character
http://www.wikidata.org/entity/Q29051978,http://www.wikidata.org/prop/direct/P22,http://www.wikidata.org/entity/Q24004905,T'Chaka
http://www.wikidata.org/entity/Q29051978,http://www.wikidata.org/prop/direct/P25,http://www.wikidata.org/entity/Q27902081,Ramonda
http://www.wikidata.org/entity/Q29051978,http://www.wikidata.org/prop/direct/P31,http://www.wikidata.org/entity/Q15632617,fictional human
http://www.wikidata.org/entity/Q29051978,http://www.wikidata.org/prop/direct/P31,http://www.wikidata.org/entity/Q15773347,film character
http://www.wikidata.org/entity/Q29051978,http://www.wikidata.org/prop/direct/P3373,http://www.wikidata.org/entity/Q24004885,T'Challa
http://www.wikidata.org/entity/Q29053559,http://www.wikidata.org/prop/direct/P31,http://www.wikidata.org/entity/Q15632617,fictional human
http://www.wikidata.org/entity/Q29053559,http://www.wikidata.org/prop/direct/P31,http://www.wikidata.org/entity/Q15773347,film character
http://www.wikidata.org/entity/Q29842885,http://www.wikidata.org/prop/direct/P31,http://www.wikidata.org/entity/Q15773347,film character
http://www.wikidata.org/entity/Q29842885,http://www.wikidata.org/prop/direct/P31,http://www.wikidata.org/entity/Q66311335,Xandarian
http://www.wikidata.org/entity/Q42201389,http://www.wikidata.org/prop/direct/P31,http://www.wikidata.org/entity/Q15773347,film character
http://www.wikidata.org/entity/Q42201389,http://www.wikidata.org/prop/direct/P31,http://www.wikidata.org/entity/Q28020127,fictional humanoid
http://www.wikidata.org/entity/Q42201389,http://www.wikidata.org/prop/direct/P106,http://www.wikidata.org/entity/Q23835475,assistant
http://www.wikidata.org/entity/Q42268330,http://www.wikidata.org/prop/direct/P31,http://www.wikidata.org/entity/Q15773347,film character
http://www.wikidata.org/entity/Q42268330,http://www.wikidata.org/prop/direct/P31,http://www.wikidata.org/entity/Q66311351,Kronan
http://www.wikidata.org/entity/Q42269449,http://www.wikidata.org/prop/direct/P7047,http://www.wikidata.org/entity/Q24046102,Thor
http://www.wikidata.org/entity/Q42269449,http://www.wikidata.org/prop/direct/P31,http://www.wikidata.org/entity/Q15773347,film character
http://www.wikidata.org/entity/Q42269449,http://www.wikidata.org/prop/direct/P31,http://www.wikidata.org/entity/Q34315358,fictional demon
http://www.wikidata.org/entity/Q42270632,http://www.wikidata.org/prop/direct/P31,http://www.wikidata.org/entity/Q15773347,film character
http://www.wikidata.org/entity/Q42270632,http://www.wikidata.org/prop/direct/P31,http://www.wikidata.org/entity/Q66311261,Asgardian
http://www.wikidata.org/entity/Q42271004,http://www.wikidata.org/prop/direct/P31,http://www.wikidata.org/entity/Q15632617,fictional human
http://www.wikidata.org/entity/Q42271004,http://www.wikidata.org/prop/direct/P31,http://www.wikidata.org/entity/Q15773347,film character
http://www.wikidata.org/entity/Q42271875,http://www.wikidata.org/prop/direct/P31,http://www.wikidata.org/entity/Q15632617,fictional human
http://www.wikidata.org/entity/Q42271875,http://www.wikidata.org/prop/direct/P31,http://www.wikidata.org/entity/Q15773347,film character
http://www.wikidata.org/entity/Q42272028,http://www.wikidata.org/prop/direct/P31,http://www.wikidata.org/entity/Q15773347,film character
http://www.wikidata.org/entity/Q42272028,http://www.wikidata.org/prop/direct/P31,http://www.wikidata.org/entity/Q18327510,fictional robot
http://www.wikidata.org/entity/Q52947626,http://www.wikidata.org/prop/direct/P31,http://www.wikidata.org/entity/Q15773347,film character
http://www.wikidata.org/entity/Q52947626,http://www.wikidata.org/prop/direct/P108,http://www.wikidata.org/entity/Q2276627,Thanos
http://www.wikidata.org/entity/Q52947626,http://www.wikidata.org/prop/direct/P5800,http://www.wikidata.org/entity/Q55712911,main antagonist
http://www.wikidata.org/entity/Q52947928,http://www.wikidata.org/prop/direct/P31,http://www.wikidata.org/entity/Q15773347,film character
http://www.wikidata.org/entity/Q52947928,http://www.wikidata.org/prop/direct/P31,http://www.wikidata.org/entity/Q66311399,Krylorian
http://www.wikidata.org/entity/Q52947928,http://www.wikidata.org/prop/direct/P108,http://www.wikidata.org/entity/Q2982927,Collector
http://www.wikidata.org/entity/Q53417307,http://www.wikidata.org/prop/direct/P27,http://www.wikidata.org/entity/Q766099,Wakanda
http://www.wikidata.org/entity/Q53417307,http://www.wikidata.org/prop/direct/P31,http://www.wikidata.org/entity/Q15632617,fictional human
http://www.wikidata.org/entity/Q53417307,http://www.wikidata.org/prop/direct/P31,http://www.wikidata.org/entity/Q15773347,film character
http://www.wikidata.org/entity/Q53519878,http://www.wikidata.org/prop/direct/P31,http://www.wikidata.org/entity/Q15632617,fictional human
http://www.wikidata.org/entity/Q53519878,http://www.wikidata.org/prop/direct/P31,http://www.wikidata.org/entity/Q15773347,film character
http://www.wikidata.org/entity/Q55221009,http://www.wikidata.org/prop/direct/P31,http://www.wikidata.org/entity/Q1307329,extraterrestrials in fiction
http://www.wikidata.org/entity/Q55221009,http://www.wikidata.org/prop/direct/P31,http://www.wikidata.org/entity/Q15773347,film character
http://www.wikidata.org/entity/Q55221009,http://www.wikidata.org/prop/direct/P31,http://www.wikidata.org/entity/Q28020127,fictional humanoid
http://www.wikidata.org/entity/Q55405344,http://www.wikidata.org/prop/direct/P31,http://www.wikidata.org/entity/Q15773347,film character
http://www.wikidata.org/entity/Q55405344,http://www.wikidata.org/prop/direct/P31,http://www.wikidata.org/entity/Q18327510,fictional robot
http://www.wikidata.org/entity/Q56231221,http://www.wikidata.org/prop/direct/P31,http://www.wikidata.org/entity/Q15632617,fictional human
http://www.wikidata.org/entity/Q56231221,http://www.wikidata.org/prop/direct/P31,http://www.wikidata.org/entity/Q15773347,film character
http://www.wikidata.org/entity/Q56379586,http://www.wikidata.org/prop/direct/P31,http://www.wikidata.org/entity/Q870114,electroshock weapon
http://www.wikidata.org/entity/Q56379586,http://www.wikidata.org/prop/direct/P31,http://www.wikidata.org/entity/Q15720870,fictional weapon
http://www.wikidata.org/entity/Q60485015,http://www.wikidata.org/prop/direct/P31,http://www.wikidata.org/entity/Q15632617,fictional human
http://www.wikidata.org/entity/Q60485015,http://www.wikidata.org/prop/direct/P31,http://www.wikidata.org/entity/Q15773347,film character
http://www.wikidata.org/entity/Q60485245,http://www.wikidata.org/prop/direct/P31,http://www.wikidata.org/entity/Q15632617,fictional human
http://www.wikidata.org/entity/Q60485245,http://www.wikidata.org/prop/direct/P31,http://www.wikidata.org/entity/Q15773347,film character
http://www.wikidata.org/entity/Q60485245,http://www.wikidata.org/prop/direct/P106,http://www.wikidata.org/entity/Q1658894,illusionist
http://www.wikidata.org/entity/Q60485245,http://www.wikidata.org/prop/direct/P108,http://www.wikidata.org/entity/Q2601147,Stark Industries
http://www.wikidata.org/entity/Q60485274,http://www.wikidata.org/prop/direct/P31,http://www.wikidata.org/entity/Q15632617,fictional human
http://www.wikidata.org/entity/Q60485274,http://www.wikidata.org/prop/direct/P31,http://www.wikidata.org/entity/Q15773317,television character
http://www.wikidata.org/entity/Q60485274,http://www.wikidata.org/prop/direct/P31,http://www.wikidata.org/entity/Q15773347,film character
http://www.wikidata.org/entity/Q60485305,http://www.wikidata.org/prop/direct/P27,http://www.wikidata.org/entity/Q30,United States
http://www.wikidata.org/entity/Q24207018,http://www.wikidata.org/prop/direct/P31,http://www.wikidata.org/entity/Q15773317,television character
http://www.wikidata.org/entity/Q24207018,http://www.wikidata.org/prop/direct/P31,http://www.wikidata.org/entity/Q15773347,film character
http://www.wikidata.org/entity/Q24207018,http://www.wikidata.org/prop/direct/P106,http://www.wikidata.org/entity/Q33999,actor
http://www.wikidata.org/entity/Q24207018,http://www.wikidata.org/prop/direct/P5800,http://www.wikidata.org/entity/Q215972,protagonist
http://www.wikidata.org/entity/Q24265423,http://www.wikidata.org/prop/direct/P26,http://www.wikidata.org/entity/Q27067914,Janet van Dyne
http://www.wikidata.org/entity/Q24265423,http://www.wikidata.org/prop/direct/P31,http://www.wikidata.org/entity/Q1114461,comics character
http://www.wikidata.org/entity/Q24265423,http://www.wikidata.org/prop/direct/P31,http://www.wikidata.org/entity/Q15632617,fictional human
http://www.wikidata.org/entity/Q24265423,http://www.wikidata.org/prop/direct/P31,http://www.wikidata.org/entity/Q15773347,film character
http://www.wikidata.org/entity/Q24265423,http://www.wikidata.org/prop/direct/P40,http://www.wikidata.org/entity/Q24050133,Hope van Dyne
http://www.wikidata.org/entity/Q24275986,http://www.wikidata.org/prop/direct/P31,http://www.wikidata.org/entity/Q15632617,fictional human
http://www.wikidata.org/entity/Q24275986,http://www.wikidata.org/prop/direct/P31,http://www.wikidata.org/entity/Q15773347,film character
http://www.wikidata.org/entity/Q24275991,http://www.wikidata.org/prop/direct/P31,http://www.wikidata.org/entity/Q15632617,fictional human
http://www.wikidata.org/entity/Q24275991,http://www.wikidata.org/prop/direct/P31,http://www.wikidata.org/entity/Q15773347,film character
http://www.wikidata.org/entity/Q24275991,http://www.wikidata.org/prop/direct/P451,http://www.wikidata.org/entity/Q24276092,Maggie Lang
http://www.wikidata.org/entity/Q24276086,http://www.wikidata.org/prop/direct/P31,http://www.wikidata.org/entity/Q15632617,fictional human
http://www.wikidata.org/entity/Q24276086,http://www.wikidata.org/prop/direct/P31,http://www.wikidata.org/entity/Q15773347,film character
http://www.wikidata.org/entity/Q24276092,http://www.wikidata.org/prop/direct/P26,http://www.wikidata.org/entity/Q24026703,Scott Lang
http://www.wikidata.org/entity/Q24276092,http://www.wikidata.org/prop/direct/P40,http://www.wikidata.org/entity/Q27057203,Cassie Lang
http://www.wikidata.org/entity/Q24276092,http://www.wikidata.org/prop/direct/P31,http://www.wikidata.org/entity/Q15632617,fictional human
http://www.wikidata.org/entity/Q24276092,http://www.wikidata.org/prop/direct/P31,http://www.wikidata.org/entity/Q15773347,film character
http://www.wikidata.org/entity/Q24276092,http://www.wikidata.org/prop/direct/P451,http://www.wikidata.org/entity/Q24275991,James Paxton
http://www.wikidata.org/entity/Q24276097,http://www.wikidata.org/prop/direct/P31,http://www.wikidata.org/entity/Q15632617,fictional human
http://www.wikidata.org/entity/Q24276097,http://www.wikidata.org/prop/direct/P31,http://www.wikidata.org/entity/Q15773347,film character
http://www.wikidata.org/entity/Q24276100,http://www.wikidata.org/prop/direct/P31,http://www.wikidata.org/entity/Q15632617,fictional human
http://www.wikidata.org/entity/Q24276100,http://www.wikidata.org/prop/direct/P31,http://www.wikidata.org/entity/Q15773347,film character
http://www.wikidata.org/entity/Q24276107,http://www.wikidata.org/prop/direct/P31,http://www.wikidata.org/entity/Q15632617,fictional human
http://www.wikidata.org/entity/Q24276107,http://www.wikidata.org/prop/direct/P31,http://www.wikidata.org/entity/Q15773347,film character
http://www.wikidata.org/entity/Q24276107,http://www.wikidata.org/prop/direct/P106,http://www.wikidata.org/entity/Q384593,police officer
http://www.wikidata.org/entity/Q24276107,http://www.wikidata.org/prop/direct/P108,http://www.wikidata.org/entity/Q1320247,San Francisco Police Department
http://www.wikidata.org/entity/Q24510074,http://www.wikidata.org/prop/direct/P31,http://www.wikidata.org/entity/Q15632617,fictional human
http://www.wikidata.org/entity/Q24510074,http://www.wikidata.org/prop/direct/P31,http://www.wikidata.org/entity/Q15773347,film character
http://www.wikidata.org/entity/Q25714609,http://www.wikidata.org/prop/direct/P31,http://www.wikidata.org/entity/Q15632617,fictional human
http://www.wikidata.org/entity/Q25714609,http://www.wikidata.org/prop/direct/P31,http://www.wikidata.org/entity/Q15773347,film character
http://www.wikidata.org/entity/Q25714609,http://www.wikidata.org/prop/direct/P106,http://www.wikidata.org/entity/Q856887,security guard
http://www.wikidata.org/entity/Q25936379,http://www.wikidata.org/prop/direct/P31,http://www.wikidata.org/entity/Q15632617,fictional human
http://www.wikidata.org/entity/Q25936379,http://www.wikidata.org/prop/direct/P31,http://www.wikidata.org/entity/Q15773347,film character
http://www.wikidata.org/entity/Q26224467,http://www.wikidata.org/prop/direct/P106,http://www.wikidata.org/entity/Q774306,surgeon
http://www.wikidata.org/entity/Q26224467,http://www.wikidata.org/prop/direct/P31,http://www.wikidata.org/entity/Q15632617,fictional human
http://www.wikidata.org/entity/Q26224467,http://www.wikidata.org/prop/direct/P31,http://www.wikidata.org/entity/Q15773347,film character
http://www.wikidata.org/entity/Q26261996,http://www.wikidata.org/prop/direct/P31,http://www.wikidata.org/entity/Q15632617,fictional human
http://www.wikidata.org/entity/Q26261996,http://www.wikidata.org/prop/direct/P31,http://www.wikidata.org/entity/Q15773347,film character
http://www.wikidata.org/entity/Q26268850,http://www.wikidata.org/prop/direct/P22,http://www.wikidata.org/entity/Q28379764,N'Jobu
http://www.wikidata.org/entity/Q26268850,http://www.wikidata.org/prop/direct/P27,http://www.wikidata.org/entity/Q30,United States
http://www.wikidata.org/entity/Q26268850,http://www.wikidata.org/prop/direct/P31,http://www.wikidata.org/entity/Q15632617,fictional human
http://www.wikidata.org/entity/Q26268850,http://www.wikidata.org/prop/direct/P31,http://www.wikidata.org/entity/Q15773347,film character
http://www.wikidata.org/entity/Q26268850,http://www.wikidata.org/prop/direct/P7047,http://www.wikidata.org/entity/Q24004885,T'Challa
http://www.wikidata.org/entity/Q26268859,http://www.wikidata.org/prop/direct/P27,http://www.wikidata.org/entity/Q26760958,Wakanda
http://www.wikidata.org/entity/Q26268859,http://www.wikidata.org/prop/direct/P31,http://www.wikidata.org/entity/Q15632617,fictional human
http://www.wikidata.org/entity/Q26268859,http://www.wikidata.org/prop/direct/P31,http://www.wikidata.org/entity/Q15773347,film character
http://www.wikidata.org/entity/Q26758863,http://www.wikidata.org/prop/direct/P27,http://www.wikidata.org/entity/Q26760958,Wakanda
http://www.wikidata.org/entity/Q26758863,http://www.wikidata.org/prop/direct/P31,http://www.wikidata.org/entity/Q15632617,fictional human
http://www.wikidata.org/entity/Q26758863,http://www.wikidata.org/prop/direct/P31,http://www.wikidata.org/entity/Q15773317,television character
http://www.wikidata.org/entity/Q26758863,http://www.wikidata.org/prop/direct/P31,http://www.wikidata.org/entity/Q15773347,film character
http://www.wikidata.org/entity/Q26758863,http://www.wikidata.org/prop/direct/P463,http://www.wikidata.org/entity/Q28126637,Dora Milaje
http://www.wikidata.org/entity/Q26760958,http://www.wikidata.org/prop/direct/P31,http://www.wikidata.org/entity/Q1145276,fictional country
http://www.wikidata.org/entity/Q26761024,http://www.wikidata.org/prop/direct/P31,http://www.wikidata.org/entity/Q15632617,fictional human
http://www.wikidata.org/entity/Q26761024,http://www.wikidata.org/prop/direct/P31,http://www.wikidata.org/entity/Q15773347,film character
http://www.wikidata.org/entity/Q26761024,http://www.wikidata.org/prop/direct/P106,http://www.wikidata.org/entity/Q39631,physician
http://www.wikidata.org/entity/Q26761595,http://www.wikidata.org/prop/direct/P108,http://www.wikidata.org/entity/Q1065,United Nations
http://www.wikidata.org/entity/Q26761595,http://www.wikidata.org/prop/direct/P31,http://www.wikidata.org/entity/Q15632617,fictional human
http://www.wikidata.org/entity/Q26761595,http://www.wikidata.org/prop/direct/P31,http://www.wikidata.org/entity/Q15773347,film character
http://www.wikidata.org/entity/Q26761640,http://www.wikidata.org/prop/direct/P26,http://www.wikidata.org/entity/Q24022457,Zemo
http://www.wikidata.org/entity/Q26761640,http://www.wikidata.org/prop/direct/P31,http://www.wikidata.org/entity/Q15632617,fictional human
http://www.wikidata.org/entity/Q26761640,http://www.wikidata.org/prop/direct/P31,http://www.wikidata.org/entity/Q15773347,film character
http://www.wikidata.org/entity/Q26771565,http://www.wikidata.org/prop/direct/P31,http://www.wikidata.org/entity/Q15632617,fictional human
http://www.wikidata.org/entity/Q26771565,http://www.wikidata.org/prop/direct/P31,http://www.wikidata.org/entity/Q15773347,film character
http://www.wikidata.org/entity/Q26772284,http://www.wikidata.org/prop/direct/P31,http://www.wikidata.org/entity/Q15773347,film character
http://www.wikidata.org/entity/Q26772284,http://www.wikidata.org/prop/direct/P31,http://www.wikidata.org/entity/Q66311342,Sovereign
http://www.wikidata.org/entity/Q26772344,http://www.wikidata.org/prop/direct/P31,http://www.wikidata.org/entity/Q15773347,film character
http://www.wikidata.org/entity/Q26772344,http://www.wikidata.org/prop/direct/P31,http://www.wikidata.org/entity/Q28020127,fictional humanoid
http://www.wikidata.org/entity/Q26772371,http://www.wikidata.org/prop/direct/P31,http://www.wikidata.org/entity/Q15773347,film character
http://www.wikidata.org/entity/Q26772371,http://www.wikidata.org/prop/direct/P31,http://www.wikidata.org/entity/Q28020127,fictional humanoid
http://www.wikidata.org/entity/Q26772381,http://www.wikidata.org/prop/direct/P31,http://www.wikidata.org/entity/Q15773347,film character
http://www.wikidata.org/entity/Q26772381,http://www.wikidata.org/prop/direct/P31,http://www.wikidata.org/entity/Q28020127,fictional humanoid
http://www.wikidata.org/entity/Q26772388,http://www.wikidata.org/prop/direct/P31,http://www.wikidata.org/entity/Q15773347,film character
http://www.wikidata.org/entity/Q26772388,http://www.wikidata.org/prop/direct/P31,http://www.wikidata.org/entity/Q28020127,fictional humanoid
http://www.wikidata.org/entity/Q26772430,http://www.wikidata.org/prop/direct/P31,http://www.wikidata.org/entity/Q15773347,film character
http://www.wikidata.org/entity/Q26772430,http://www.wikidata.org/prop/direct/P31,http://www.wikidata.org/entity/Q66311399,Krylorian
http://www.wikidata.org/entity/Q26772438,http://www.wikidata.org/prop/direct/P31,http://www.wikidata.org/entity/Q15773347,film character
http://www.wikidata.org/entity/Q26772438,http://www.wikidata.org/prop/direct/P31,http://www.wikidata.org/entity/Q28020127,fictional humanoid
http://www.wikidata.org/entity/Q26772446,http://www.wikidata.org/prop/direct/P31,http://www.wikidata.org/entity/Q15773347,film character
http://www.wikidata.org/entity/Q26772446,http://www.wikidata.org/prop/direct/P31,http://www.wikidata.org/entity/Q28020127,fictional humanoid
http://www.wikidata.org/entity/Q26809707,http://www.wikidata.org/prop/direct/P22,http://www.wikidata.org/entity/Q27813421,Adrian Toomes
http://www.wikidata.org/entity/Q26809707,http://www.wikidata.org/prop/direct/P25,http://www.wikidata.org/entity/Q66192865,Doris Toomes
http://www.wikidata.org/entity/Q26809707,http://www.wikidata.org/prop/direct/P31,http://www.wikidata.org/entity/Q15632617,fictional human
http://www.wikidata.org/entity/Q26809707,http://www.wikidata.org/prop/direct/P31,http://www.wikidata.org/entity/Q15773347,film character
http://www.wikidata.org/entity/Q26817985,http://www.wikidata.org/prop/direct/P31,http://www.wikidata.org/entity/Q15632617,fictional human
http://www.wikidata.org/entity/Q26817985,http://www.wikidata.org/prop/direct/P31,http://www.wikidata.org/entity/Q15773347,film character
http://www.wikidata.org/entity/Q26817985,http://www.wikidata.org/prop/direct/P31,http://www.wikidata.org/entity/Q117307251,fictional uploaded consciousness
http://www.wikidata.org/entity/Q26817985,http://www.wikidata.org/prop/direct/P7047,http://www.wikidata.org/entity/Q24022098,Steve Rogers
http://www.wikidata.org/entity/Q26857638,http://www.wikidata.org/prop/direct/P31,http://www.wikidata.org/entity/Q15773317,television character
http://www.wikidata.org/entity/Q27045831,http://www.wikidata.org/prop/direct/P27,http://www.wikidata.org/entity/Q26760958,Wakanda
http://www.wikidata.org/entity/Q27045831,http://www.wikidata.org/prop/direct/P31,http://www.wikidata.org/entity/Q15632617,fictional human
http://www.wikidata.org/entity/Q27045831,http://www.wikidata.org/prop/direct/P31,http://www.wikidata.org/entity/Q15773347,film character
http://www.wikidata.org/entity/Q27057203,http://www.wikidata.org/prop/direct/P22,http://www.wikidata.org/entity/Q24026703,Scott Lang
http://www.wikidata.org/entity/Q27057203,http://www.wikidata.org/prop/direct/P25,http://www.wikidata.org/entity/Q24276092,Maggie Lang
http://www.wikidata.org/entity/Q27057203,http://www.wikidata.org/prop/direct/P31,http://www.wikidata.org/entity/Q15632617,fictional human
http://www.wikidata.org/entity/Q27057203,http://www.wikidata.org/prop/direct/P31,http://www.wikidata.org/entity/Q15773347,film character
http://www.wikidata.org/entity/Q27057247,http://www.wikidata.org/prop/direct/P31,http://www.wikidata.org/entity/Q15632617,fictional human
http://www.wikidata.org/entity/Q27057247,http://www.wikidata.org/prop/direct/P31,http://www.wikidata.org/entity/Q15773347,film character
http://www.wikidata.org/entity/Q7289996,http://www.wikidata.org/prop/direct/P31,http://www.wikidata.org/entity/Q1114461,comics character
http://www.wikidata.org/entity/Q7289996,http://www.wikidata.org/prop/direct/P31,http://www.wikidata.org/entity/Q15773317,television character
http://www.wikidata.org/entity/Q7296820,http://www.wikidata.org/prop/direct/P31,http://www.wikidata.org/entity/Q1114461,comics character
http://www.wikidata.org/entity/Q7296820,http://www.wikidata.org/prop/direct/P31,http://www.wikidata.org/entity/Q15773317,television character
http://www.wikidata.org/entity/Q7296820,http://www.wikidata.org/prop/direct/P7047,http://www.wikidata.org/entity/Q1982051,Kang the Conqueror
http://www.wikidata.org/entity/Q11703564,http://www.wikidata.org/prop/direct/P31,http://www.wikidata.org/entity/Q15720793,fictional building
http://www.wikidata.org/entity/Q16386826,http://www.wikidata.org/prop/direct/P31,http://www.wikidata.org/entity/Q1114461,comics character
http://www.wikidata.org/entity/Q16386826,http://www.wikidata.org/prop/direct/P31,http://www.wikidata.org/entity/Q15773317,television character
http://www.wikidata.org/entity/Q20679944,http://www.wikidata.org/prop/direct/P31,http://www.wikidata.org/entity/Q2623733,fictional language
http://www.wikidata.org/entity/Q20979384,http://www.wikidata.org/prop/direct/P27,http://www.wikidata.org/entity/Q145,United Kingdom
http://www.wikidata.org/entity/Q20979384,http://www.wikidata.org/prop/direct/P31,http://www.wikidata.org/entity/Q15632617,fictional human
http://www.wikidata.org/entity/Q20979384,http://www.wikidata.org/prop/direct/P31,http://www.wikidata.org/entity/Q15773317,television character
http://www.wikidata.org/entity/Q20979384,http://www.wikidata.org/prop/direct/P106,http://www.wikidata.org/entity/Q2919046,biochemist
http://www.wikidata.org/entity/Q20979384,http://www.wikidata.org/prop/direct/P463,http://www.wikidata.org/entity/Q911971,S.H.I.E.L.D.
http://www.wikidata.org/entity/Q21042559,http://www.wikidata.org/prop/direct/P27,http://www.wikidata.org/entity/Q30,United States
http://www.wikidata.org/entity/Q21042559,http://www.wikidata.org/prop/direct/P31,http://www.wikidata.org/entity/Q15632617,fictional human
http://www.wikidata.org/entity/Q21042559,http://www.wikidata.org/prop/direct/P31,http://www.wikidata.org/entity/Q15773347,film character
http://www.wikidata.org/entity/Q21042559,http://www.wikidata.org/prop/direct/P106,http://www.wikidata.org/entity/Q752129,astrophysicist
http://www.wikidata.org/entity/Q21042559,http://www.wikidata.org/prop/direct/P463,http://www.wikidata.org/entity/Q7387321,S.W.O.R.D.
http://www.wikidata.org/entity/Q65935363,http://www.wikidata.org/prop/direct/P31,http://www.wikidata.org/entity/Q15632617,fictional human
http://www.wikidata.org/entity/Q65935363,http://www.wikidata.org/prop/direct/P31,http://www.wikidata.org/entity/Q15773347,film character
http://www.wikidata.org/entity/Q65935380,http://www.wikidata.org/prop/direct/P31,http://www.wikidata.org/entity/Q1975749,supersoldier
http://www.wikidata.org/entity/Q65935380,http://www.wikidata.org/prop/direct/P31,http://www.wikidata.org/entity/Q15632617,fictional human
http://www.wikidata.org/entity/Q65935380,http://www.wikidata.org/prop/direct/P31,http://www.wikidata.org/entity/Q15773317,television character
http://www.wikidata.org/entity/Q65935380,http://www.wikidata.org/prop/direct/P31,http://www.wikidata.org/entity/Q15773347,film character
http://www.wikidata.org/entity/Q65935380,http://www.wikidata.org/prop/direct/P2563,http://www.wikidata.org/entity/Q1152040,healing factor
http://www.wikidata.org/entity/Q65935380,http://www.wikidata.org/prop/direct/P2563,http://www.wikidata.org/entity/Q4386945,superhuman strength
http://www.wikidata.org/entity/Q65935380,http://www.wikidata.org/prop/direct/P2563,http://www.wikidata.org/entity/Q23012785,superhuman speed
http://www.wikidata.org/entity/Q65935380,http://www.wikidata.org/prop/direct/P2563,http://www.wikidata.org/entity/Q47089006,superhuman durability
http://www.wikidata.org/entity/Q65935522,http://www.wikidata.org/prop/direct/P31,http://www.wikidata.org/entity/Q15632617,fictional human
http://www.wikidata.org/entity/Q65935522,http://www.wikidata.org/prop/direct/P31,http://www.wikidata.org/entity/Q15773347,film character
http://www.wikidata.org/entity/Q65935548,http://www.wikidata.org/prop/direct/P31,http://www.wikidata.org/entity/Q15632617,fictional human
http://www.wikidata.org/entity/Q65935548,http://www.wikidata.org/prop/direct/P31,http://www.wikidata.org/entity/Q15773347,film character
http://www.wikidata.org/entity/Q65935573,http://www.wikidata.org/prop/direct/P31,http://www.wikidata.org/entity/Q15773347,film character
http://www.wikidata.org/entity/Q65935573,http://www.wikidata.org/prop/direct/P31,http://www.wikidata.org/entity/Q28020127,fictional humanoid
http://www.wikidata.org/entity/Q65935802,http://www.wikidata.org/prop/direct/P31,http://www.wikidata.org/entity/Q15773347,film character
http://www.wikidata.org/entity/Q65935802,http://www.wikidata.org/prop/direct/P31,http://www.wikidata.org/entity/Q28020127,fictional humanoid
http://www.wikidata.org/entity/Q65935811,http://www.wikidata.org/prop/direct/P31,http://www.wikidata.org/entity/Q15773347,film character
http://www.wikidata.org/entity/Q65935811,http://www.wikidata.org/prop/direct/P31,http://www.wikidata.org/entity/Q66311406,Dwarf
http://www.wikidata.org/entity/Q65935830,http://www.wikidata.org/prop/direct/P31,http://www.wikidata.org/entity/Q15773347,film character
http://www.wikidata.org/entity/Q65935830,http://www.wikidata.org/prop/direct/P31,http://www.wikidata.org/entity/Q66311417,Eternal
http://www.wikidata.org/entity/Q65935830,http://www.wikidata.org/prop/direct/P463,http://www.wikidata.org/entity/Q1618814,Eternal
http://www.wikidata.org/entity/Q65935839,http://www.wikidata.org/prop/direct/P31,http://www.wikidata.org/entity/Q15632617,fictional human
http://www.wikidata.org/entity/Q65935839,http://www.wikidata.org/prop/direct/P31,http://www.wikidata.org/entity/Q15773347,film character
http://www.wikidata.org/entity/Q65935839,http://www.wikidata.org/prop/direct/P106,http://www.wikidata.org/entity/Q4110598,vlogger
http://www.wikidata.org/entity/Q65935848,http://www.wikidata.org/prop/direct/P31,http://www.wikidata.org/entity/Q15632617,fictional human
http://www.wikidata.org/entity/Q65935848,http://www.wikidata.org/prop/direct/P31,http://www.wikidata.org/entity/Q15773347,film character
http://www.wikidata.org/entity/Q65935848,http://www.wikidata.org/prop/direct/P40,http://www.wikidata.org/entity/Q23895063,Natasha Romanoff
http://www.wikidata.org/entity/Q65935848,http://www.wikidata.org/prop/direct/P40,http://www.wikidata.org/entity/Q107506977,Yelena Belova
http://www.wikidata.org/entity/Q65935848,http://www.wikidata.org/prop/direct/P2563,http://www.wikidata.org/entity/Q4386945,superhuman strength
http://www.wikidata.org/entity/Q65935848,http://www.wikidata.org/prop/direct/P2563,http://www.wikidata.org/entity/Q47089006,superhuman durability
http://www.wikidata.org/entity/Q65935858,http://www.wikidata.org/prop/direct/P31,http://www.wikidata.org/entity/Q15773347,film character
http://www.wikidata.org/entity/Q65935858,http://www.wikidata.org/prop/direct/P31,http://www.wikidata.org/entity/Q66311417,Eternal
http://www.wikidata.org/entity/Q65935876,http://www.wikidata.org/prop/direct/P31,http://www.wikidata.org/entity/Q15632617,fictional human
http://www.wikidata.org/entity/Q65935876,http://www.wikidata.org/prop/direct/P31,http://www.wikidata.org/entity/Q15773347,film character
http://www.wikidata.org/entity/Q65937785,http://www.wikidata.org/prop/direct/P31,http://www.wikidata.org/entity/Q15773347,film character
http://www.wikidata.org/entity/Q65937785,http://www.wikidata.org/prop/direct/P31,http://www.wikidata.org/entity/Q66311417,Eternal
http://www.wikidata.org/entity/Q65937794,http://www.wikidata.org/prop/direct/P31,http://www.wikidata.org/entity/Q15773347,film character
http://www.wikidata.org/entity/Q65937794,http://www.wikidata.org/prop/direct/P31,http://www.wikidata.org/entity/Q66311417,Eternal
http://www.wikidata.org/entity/Q65937794,http://www.wikidata.org/prop/direct/P2563,http://www.wikidata.org/entity/Q23012785,superhuman speed
http://www.wikidata.org/entity/Q65937802,http://www.wikidata.org/prop/direct/P31,http://www.wikidata.org/entity/Q15773347,film character
http://www.wikidata.org/entity/Q65937802,http://www.wikidata.org/prop/direct/P31,http://www.wikidata.org/entity/Q66311417,Eternal
http://www.wikidata.org/entity/Q24046102,http://www.wikidata.org/prop/direct/P7047,http://www.wikidata.org/entity/Q2474195,Ultron
http://www.wikidata.org/entity/Q24046102,http://www.wikidata.org/prop/direct/P7047,http://www.wikidata.org/entity/Q3043221,Hela
http://www.wikidata.org/entity/Q24046102,http://www.wikidata.org/prop/direct/P7047,http://www.wikidata.org/entity/Q3052324,Hydra
http://www.wikidata.org/entity/Q24046102,http://www.wikidata.org/prop/direct/P7047,http://www.wikidata.org/entity/Q3247771,Surtur
http://www.wikidata.org/entity/Q24046102,http://www.wikidata.org/prop/direct/P7047,http://www.wikidata.org/entity/Q3281842,Malekith the Accursed
http://www.wikidata.org/entity/Q24046102,http://www.wikidata.org/prop/direct/P7047,http://www.wikidata.org/entity/Q96379736,Gorr the God Butcher
http://www.wikidata.org/entity/Q24046106,http://www.wikidata.org/prop/direct/P27,http://www.wikidata.org/entity/Q30,United States
http://www.wikidata.org/entity/Q24046106,http://www.wikidata.org/prop/direct/P31,http://www.wikidata.org/entity/Q15632617,fictional human
http://www.wikidata.org/entity/Q24046106,http://www.wikidata.org/prop/direct/P31,http://www.wikidata.org/entity/Q15773347,film character
http://www.wikidata.org/entity/Q24046106,http://www.wikidata.org/prop/direct/P106,http://www.wikidata.org/entity/Q752129,astrophysicist
http://www.wikidata.org/entity/Q24046118,http://www.wikidata.org/prop/direct/P22,http://www.wikidata.org/entity/Q24046126,Odin
http://www.wikidata.org/entity/Q24046118,http://www.wikidata.org/prop/direct/P22,http://www.wikidata.org/entity/Q24046153,Laufey
http://www.wikidata.org/entity/Q24046118,http://www.wikidata.org/prop/direct/P25,http://www.wikidata.org/entity/Q24049999,Frigga
http://www.wikidata.org/entity/Q24046118,http://www.wikidata.org/prop/direct/P31,http://www.wikidata.org/entity/Q4412856,Asgardian
http://www.wikidata.org/entity/Q24046118,http://www.wikidata.org/prop/direct/P31,http://www.wikidata.org/entity/Q15773317,television character
http://www.wikidata.org/entity/Q24046118,http://www.wikidata.org/prop/direct/P31,http://www.wikidata.org/entity/Q15773347,film character
http://www.wikidata.org/entity/Q24046118,http://www.wikidata.org/prop/direct/P31,http://www.wikidata.org/entity/Q66311272,frost giant
http://www.wikidata.org/entity/Q24046118,http://www.wikidata.org/prop/direct/P451,http://www.wikidata.org/entity/Q106706981,Mobius M. Mobius
http://www.wikidata.org/entity/Q24046118,http://www.wikidata.org/prop/direct/P3373,http://www.wikidata.org/entity/Q24046102,Thor
http://www.wikidata.org/entity/Q24046126,http://www.wikidata.org/prop/direct/P26,http://www.wikidata.org/entity/Q24049999,Frigga
http://www.wikidata.org/entity/Q24046126,http://www.wikidata.org/prop/direct/P31,http://www.wikidata.org/entity/Q15773347,film character
http://www.wikidata.org/entity/Q24046126,http://www.wikidata.org/prop/direct/P31,http://www.wikidata.org/entity/Q66311261,Asgardian
http://www.wikidata.org/entity/Q24046126,http://www.wikidata.org/prop/direct/P40,http://www.wikidata.org/entity/Q24046102,Thor
http://www.wikidata.org/entity/Q24046126,http://www.wikidata.org/prop/direct/P40,http://www.wikidata.org/entity/Q24046118,Loki
http://www.wikidata.org/entity/Q24046126,http://www.wikidata.org/prop/direct/P40,http://www.wikidata.org/entity/Q24050122,Hela
http://www.wikidata.org/entity/Q24046126,http://www.wikidata.org/prop/direct/P7047,http://www.wikidata.org/entity/Q24046153,Laufey
http://www.wikidata.org/entity/Q24046126,http://www.wikidata.org/prop/direct/P7047,http://www.wikidata.org/entity/Q24050122,Hela
http://www.wikidata.org/entity/Q65937810,http://www.wikidata.org/prop/direct/P31,http://www.wikidata.org/entity/Q15773347,film character
http://www.wikidata.org/entity/Q65937810,http://www.wikidata.org/prop/direct/P31,http://www.wikidata.org/entity/Q66311417,Eternal
http://www.wikidata.org/entity/Q65937816,http://www.wikidata.org/prop/direct/P31,http://www.wikidata.org/entity/Q15773347,film character
http://www.wikidata.org/entity/Q65937816,http://www.wikidata.org/prop/direct/P31,http://www.wikidata.org/entity/Q66311417,Eternal
http://www.wikidata.org/entity/Q65937824,http://www.wikidata.org/prop/direct/P31,http://www.wikidata.org/entity/Q1307329,extraterrestrials in fiction
http://www.wikidata.org/entity/Q65937824,http://www.wikidata.org/prop/direct/P31,http://www.wikidata.org/entity/Q15773347,film character
http://www.wikidata.org/entity/Q65937824,http://www.wikidata.org/prop/direct/P31,http://www.wikidata.org/entity/Q28020127,fictional humanoid
http://www.wikidata.org/entity/Q65937880,http://www.wikidata.org/prop/direct/P31,http://www.wikidata.org/entity/Q15773347,film character
http://www.wikidata.org/entity/Q65937880,http://www.wikidata.org/prop/direct/P31,http://www.wikidata.org/entity/Q66311261,Asgardian
http://www.wikidata.org/entity/Q65937899,http://www.wikidata.org/prop/direct/P31,http://www.wikidata.org/entity/Q15773347,film character
http://www.wikidata.org/entity/Q65937899,http://www.wikidata.org/prop/direct/P31,http://www.wikidata.org/entity/Q66311261,Asgardian
http://www.wikidata.org/entity/Q65937931,http://www.wikidata.org/prop/direct/P31,http://www.wikidata.org/entity/Q1307329,extraterrestrials in fiction
http://www.wikidata.org/entity/Q65937931,http://www.wikidata.org/prop/direct/P31,http://www.wikidata.org/entity/Q15773347,film character
http://www.wikidata.org/entity/Q65937943,http://www.wikidata.org/prop/direct/P31,http://www.wikidata.org/entity/Q1307329,extraterrestrials in fiction
http://www.wikidata.org/entity/Q65937943,http://www.wikidata.org/prop/direct/P31,http://www.wikidata.org/entity/Q15773347,film character
http://www.wikidata.org/entity/Q65938290,http://www.wikidata.org/prop/direct/P31,http://www.wikidata.org/entity/Q15773347,film character
http://www.wikidata.org/entity/Q65938290,http://www.wikidata.org/prop/direct/P31,http://www.wikidata.org/entity/Q66311417,Eternal
http://www.wikidata.org/entity/Q65952746,http://www.wikidata.org/prop/direct/P31,http://www.wikidata.org/entity/Q15773347,film character
http://www.wikidata.org/entity/Q65952746,http://www.wikidata.org/prop/direct/P31,http://www.wikidata.org/entity/Q28020127,fictional humanoid
http://www.wikidata.org/entity/Q65952811,http://www.wikidata.org/prop/direct/P31,http://www.wikidata.org/entity/Q15632617,fictional human
http://www.wikidata.org/entity/Q65952811,http://www.wikidata.org/prop/direct/P31,http://www.wikidata.org/entity/Q15773347,film character
http://www.wikidata.org/entity/Q65952811,http://www.wikidata.org/prop/direct/P40,http://www.wikidata.org/entity/Q24050065,Peter Quill
http://www.wikidata.org/entity/Q66132762,http://www.wikidata.org/prop/direct/P31,http://www.wikidata.org/entity/Q15632617,fictional human
http://www.wikidata.org/entity/Q66132762,http://www.wikidata.org/prop/direct/P31,http://www.wikidata.org/entity/Q15773347,film character
http://www.wikidata.org/entity/Q66132777,http://www.wikidata.org/prop/direct/P22,http://www.wikidata.org/entity/Q24026688,Clint Barton
http://www.wikidata.org/entity/Q66132777,http://www.wikidata.org/prop/direct/P25,http://www.wikidata.org/entity/Q66190494,Laura Barton
http://www.wikidata.org/entity/Q66132777,http://www.wikidata.org/prop/direct/P31,http://www.wikidata.org/entity/Q15632617,fictional human
http://www.wikidata.org/entity/Q66132777,http://www.wikidata.org/prop/direct/P31,http://www.wikidata.org/entity/Q15773347,film character
http://www.wikidata.org/entity/Q66133282,http://www.wikidata.org/prop/direct/P31,http://www.wikidata.org/entity/Q15632617,fictional human
http://www.wikidata.org/entity/Q66133282,http://www.wikidata.org/prop/direct/P31,http://www.wikidata.org/entity/Q15773347,film character
http://www.wikidata.org/entity/Q66133287,http://www.wikidata.org/prop/direct/P31,http://www.wikidata.org/entity/Q15632617,fictional human
http://www.wikidata.org/entity/Q66133287,http://www.wikidata.org/prop/direct/P31,http://www.wikidata.org/entity/Q15773347,film character
http://www.wikidata.org/entity/Q66133301,http://www.wikidata.org/prop/direct/P31,http://www.wikidata.org/entity/Q15632617,fictional human
http://www.wikidata.org/entity/Q66133301,http://www.wikidata.org/prop/direct/P31,http://www.wikidata.org/entity/Q15773347,film character
http://www.wikidata.org/entity/Q66133307,http://www.wikidata.org/prop/direct/P31,http://www.wikidata.org/entity/Q15632617,fictional human
http://www.wikidata.org/entity/Q66133307,http://www.wikidata.org/prop/direct/P31,http://www.wikidata.org/entity/Q15773347,film character
http://www.wikidata.org/entity/Q66133315,http://www.wikidata.org/prop/direct/P31,http://www.wikidata.org/entity/Q15632617,fictional human
http://www.wikidata.org/entity/Q66133315,http://www.wikidata.org/prop/direct/P31,http://www.wikidata.org/entity/Q15773347,film character
http://www.wikidata.org/entity/Q66133318,http://www.wikidata.org/prop/direct/P31,http://www.wikidata.org/entity/Q15632617,fictional human
http://www.wikidata.org/entity/Q66133318,http://www.wikidata.org/prop/direct/P31,http://www.wikidata.org/entity/Q15773347,film character
http://www.wikidata.org/entity/Q66133320,http://www.wikidata.org/prop/direct/P31,http://www.wikidata.org/entity/Q15632617,fictional human
http://www.wikidata.org/entity/Q66133320,http://www.wikidata.org/prop/direct/P31,http://www.wikidata.org/entity/Q15773347,film character
http://www.wikidata.org/entity/Q66133325,http://www.wikidata.org/prop/direct/P31,http://www.wikidata.org/entity/Q15632617,fictional human
http://www.wikidata.org/entity/Q66133325,http://www.wikidata.org/prop/direct/P31,http://www.wikidata.org/entity/Q15773347,film character
http://www.wikidata.org/entity/Q66133331,http://www.wikidata.org/prop/direct/P31,http://www.wikidata.org/entity/Q15632617,fictional human
http://www.wikidata.org/entity/Q66133331,http://www.wikidata.org/prop/direct/P31,http://www.wikidata.org/entity/Q15773347,film character
http://www.wikidata.org/entity/Q66133333,http://www.wikidata.org/prop/direct/P31,http://www.wikidata.org/entity/Q15773347,film character
http://www.wikidata.org/entity/Q66133333,http://www.wikidata.org/prop/direct/P31,http://www.wikidata.org/entity/Q28020127,fictional humanoid
http://www.wikidata.org/entity/Q66133335,http://www.wikidata.org/prop/direct/P31,http://www.wikidata.org/entity/Q15773347,film character
http://www.wikidata.org/entity/Q66133335,http://www.wikidata.org/prop/direct/P31,http://www.wikidata.org/entity/Q28020127,fictional humanoid
http://www.wikidata.org/entity/Q66133337,http://www.wikidata.org/prop/direct/P31,http://www.wikidata.org/entity/Q15773347,film character
http://www.wikidata.org/entity/Q66133337,http://www.wikidata.org/prop/direct/P31,http://www.wikidata.org/entity/Q28020127,fictional humanoid
http://www.wikidata.org/entity/Q66133338,http://www.wikidata.org/prop/direct/P31,http://www.wikidata.org/entity/Q15773347,film character
http://www.wikidata.org/entity/Q66133338,http://www.wikidata.org/prop/direct/P31,http://www.wikidata.org/entity/Q28020127,fictional humanoid
http://www.wikidata.org/entity/Q66133342,http://www.wikidata.org/prop/direct/P31,http://www.wikidata.org/entity/Q15773347,film character
http://www.wikidata.org/entity/Q66133342,http://www.wikidata.org/prop/direct/P31,http://www.wikidata.org/entity/Q28020127,fictional humanoid
http://www.wikidata.org/entity/Q66133355,http://www.wikidata.org/prop/direct/P31,http://www.wikidata.org/entity/Q15773347,film character
http://www.wikidata.org/entity/Q66133355,http://www.wikidata.org/prop/direct/P31,http://www.wikidata.org/entity/Q66311342,Sovereign
http://www.wikidata.org/entity/Q66133358,http://www.wikidata.org/prop/direct/P31,http://www.wikidata.org/entity/Q15773347,film character
http://www.wikidata.org/entity/Q66133358,http://www.wikidata.org/prop/direct/P31,http://www.wikidata.org/entity/Q66311399,Krylorian
http://www.wikidata.org/entity/Q66133359,http://www.wikidata.org/prop/direct/P31,http://www.wikidata.org/entity/Q15632617,fictional human
http://www.wikidata.org/entity/Q66133359,http://www.wikidata.org/prop/direct/P31,http://www.wikidata.org/entity/Q15773347,film character
http://www.wikidata.org/entity/Q66133364,http://www.wikidata.org/prop/direct/P31,http://www.wikidata.org/entity/Q15632617,fictional human
http://www.wikidata.org/entity/Q66133364,http://www.wikidata.org/prop/direct/P31,http://www.wikidata.org/entity/Q15773347,film character
http://www.wikidata.org/entity/Q66133366,http://www.wikidata.org/prop/direct/P31,http://www.wikidata.org/entity/Q15632617,fictional human
http://www.wikidata.org/entity/Q66133366,http://www.wikidata.org/prop/direct/P31,http://www.wikidata.org/entity/Q15773347,film character
http://www.wikidata.org/entity/Q66133368,http://www.wikidata.org/prop/direct/P22,http://www.wikidata.org/entity/Q66133383,Elihas Starr
http://www.wikidata.org/entity/Q66133368,http://www.wikidata.org/prop/direct/P25,http://www.wikidata.org/entity/Q66133388,Catherine Starr
http://www.wikidata.org/entity/Q66133368,http://www.wikidata.org/prop/direct/P31,http://www.wikidata.org/entity/Q15632617,fictional human
http://www.wikidata.org/entity/Q66133368,http://www.wikidata.org/prop/direct/P31,http://www.wikidata.org/entity/Q15773347,film character
http://www.wikidata.org/entity/Q66133372,http://www.wikidata.org/prop/direct/P31,http://www.wikidata.org/entity/Q15632617,fictional human
http://www.wikidata.org/entity/Q66133372,http://www.wikidata.org/prop/direct/P31,http://www.wikidata.org/entity/Q15773347,film character
http://www.wikidata.org/entity/Q66133380,http://www.wikidata.org/prop/direct/P31,http://www.wikidata.org/entity/Q15632617,fictional human
http://www.wikidata.org/entity/Q66133380,http://www.wikidata.org/prop/direct/P31,http://www.wikidata.org/entity/Q15773347,film character
http://www.wikidata.org/entity/Q66133381,http://www.wikidata.org/prop/direct/P27,http://www.wikidata.org/entity/Q30,United States
http://www.wikidata.org/entity/Q66133381,http://www.wikidata.org/prop/direct/P31,http://www.wikidata.org/entity/Q15632617,fictional human
http://www.wikidata.org/entity/Q66133381,http://www.wikidata.org/prop/direct/P31,http://www.wikidata.org/entity/Q15773347,film character
http://www.wikidata.org/entity/Q66133381,http://www.wikidata.org/prop/direct/P106,http://www.wikidata.org/entity/Q2655853,special agent
http://www.wikidata.org/entity/Q66133381,http://www.wikidata.org/prop/direct/P108,http://www.wikidata.org/entity/Q8333,Federal Bureau of Investigation
http://www.wikidata.org/entity/Q66133383,http://www.wikidata.org/prop/direct/P26,http://www.wikidata.org/entity/Q66133388,Catherine Starr
http://www.wikidata.org/entity/Q66133383,http://www.wikidata.org/prop/direct/P40,http://www.wikidata.org/entity/Q66133368,Ava Starr
http://www.wikidata.org/entity/Q66133383,http://www.wikidata.org/prop/direct/P31,http://www.wikidata.org/entity/Q15632617,fictional human
http://www.wikidata.org/entity/Q66133383,http://www.wikidata.org/prop/direct/P31,http://www.wikidata.org/entity/Q15773347,film character
http://www.wikidata.org/entity/Q66133388,http://www.wikidata.org/prop/direct/P26,http://www.wikidata.org/entity/Q66133383,Elihas Starr
http://www.wikidata.org/entity/Q66133388,http://www.wikidata.org/prop/direct/P31,http://www.wikidata.org/entity/Q15632617,fictional human
http://www.wikidata.org/entity/Q66133388,http://www.wikidata.org/prop/direct/P31,http://www.wikidata.org/entity/Q15773347,film character
http://www.wikidata.org/entity/Q66133388,http://www.wikidata.org/prop/direct/P40,http://www.wikidata.org/entity/Q66133368,Ava Starr
http://www.wikidata.org/entity/Q66133393,http://www.wikidata.org/prop/direct/P31,http://www.wikidata.org/entity/Q15773347,film character
http://www.wikidata.org/entity/Q66133393,http://www.wikidata.org/prop/direct/P31,http://www.wikidata.org/entity/Q66311420,Flerken
http://www.wikidata.org/entity/Q66133428,http://www.wikidata.org/prop/direct/P31,http://www.wikidata.org/entity/Q15773347,film character
http://www.wikidata.org/entity/Q66133428,http://www.wikidata.org/prop/direct/P31,http://www.wikidata.org/entity/Q66311395,Kree
http://www.wikidata.org/entity/Q66133432,http://www.wikidata.org/prop/direct/P31,http://www.wikidata.org/entity/Q15632617,fictional human
http://www.wikidata.org/entity/Q66133432,http://www.wikidata.org/prop/direct/P31,http://www.wikidata.org/entity/Q15773347,film character
http://www.wikidata.org/entity/Q66133432,http://www.wikidata.org/prop/direct/P40,http://www.wikidata.org/entity/Q66133435,Monica Rambeau
http://www.wikidata.org/entity/Q66133435,http://www.wikidata.org/prop/direct/P25,http://www.wikidata.org/entity/Q66133432,Maria Rambeau
http://www.wikidata.org/entity/Q66133435,http://www.wikidata.org/prop/direct/P31,http://www.wikidata.org/entity/Q15632617,fictional human
http://www.wikidata.org/entity/Q66133435,http://www.wikidata.org/prop/direct/P31,http://www.wikidata.org/entity/Q15773347,film character
http://www.wikidata.org/entity/Q66133436,http://www.wikidata.org/prop/direct/P31,http://www.wikidata.org/entity/Q15773347,film character
http://www.wikidata.org/entity/Q66133436,http://www.wikidata.org/prop/direct/P31,http://www.wikidata.org/entity/Q66311395,Kree
http://www.wikidata.org/entity/Q66189072,http://www.wikidata.org/prop/direct/P31,http://www.wikidata.org/entity/Q15773347,film character
http://www.wikidata.org/entity/Q66189072,http://www.wikidata.org/prop/direct/P31,http://www.wikidata.org/entity/Q66311395,Kree
http://www.wikidata.org/entity/Q66189190,http://www.wikidata.org/prop/direct/P31,http://www.wikidata.org/entity/Q15773347,film character
http://www.wikidata.org/entity/Q66189190,http://www.wikidata.org/prop/direct/P31,http://www.wikidata.org/entity/Q66311395,Kree
http://www.wikidata.org/entity/Q66189316,http://www.wikidata.org/prop/direct/P26,http://www.wikidata.org/entity/Q66189494,Soren
http://www.wikidata.org/entity/Q66189316,http://www.wikidata.org/prop/direct/P31,http://www.wikidata.org/entity/Q15773317,television character
http://www.wikidata.org/entity/Q66189316,http://www.wikidata.org/prop/direct/P31,http://www.wikidata.org/entity/Q15773347,film character
http://www.wikidata.org/entity/Q66189316,http://www.wikidata.org/prop/direct/P31,http://www.wikidata.org/entity/Q66311412,Skrull
http://www.wikidata.org/entity/Q66189422,http://www.wikidata.org/prop/direct/P31,http://www.wikidata.org/entity/Q15773347,film character
http://www.wikidata.org/entity/Q66189422,http://www.wikidata.org/prop/direct/P31,http://www.wikidata.org/entity/Q66311395,Kree
http://www.wikidata.org/entity/Q66189494,http://www.wikidata.org/prop/direct/P26,http://www.wikidata.org/entity/Q66189316,Talos
http://www.wikidata.org/entity/Q66189494,http://www.wikidata.org/prop/direct/P31,http://www.wikidata.org/entity/Q15773347,film character
http://www.wikidata.org/entity/Q66189494,http://www.wikidata.org/prop/direct/P31,http://www.wikidata.org/entity/Q66311412,Skrull
http://www.wikidata.org/entity/Q66189636,http://www.wikidata.org/prop/direct/P22,http://www.wikidata.org/entity/Q66189681,Joseph Danvers
http://www.wikidata.org/entity/Q66189636,http://www.wikidata.org/prop/direct/P31,http://www.wikidata.org/entity/Q15632617,fictional human
http://www.wikidata.org/entity/Q66189636,http://www.wikidata.org/prop/direct/P31,http://www.wikidata.org/entity/Q15773347,film character
http://www.wikidata.org/entity/Q66189681,http://www.wikidata.org/prop/direct/P31,http://www.wikidata.org/entity/Q15632617,fictional human
http://www.wikidata.org/entity/Q66189681,http://www.wikidata.org/prop/direct/P31,http://www.wikidata.org/entity/Q15773347,film character
http://www.wikidata.org/entity/Q66189681,http://www.wikidata.org/prop/direct/P40,http://www.wikidata.org/entity/Q64658380,Carol Danvers
http://www.wikidata.org/entity/Q66189681,http://www.wikidata.org/prop/direct/P40,http://www.wikidata.org/entity/Q66189636,Steven Danvers
http://www.wikidata.org/entity/Q66189735,http://www.wikidata.org/prop/direct/P31,http://www.wikidata.org/entity/Q15773347,film character
http://www.wikidata.org/entity/Q66189735,http://www.wikidata.org/prop/direct/P31,http://www.wikidata.org/entity/Q66311412,Skrull
http://www.wikidata.org/entity/Q66189877,http://www.wikidata.org/prop/direct/P31,http://www.wikidata.org/entity/Q15773347,film character
http://www.wikidata.org/entity/Q66189877,http://www.wikidata.org/prop/direct/P31,http://www.wikidata.org/entity/Q66311395,Kree
http://www.wikidata.org/entity/Q66190034,http://www.wikidata.org/prop/direct/P31,http://www.wikidata.org/entity/Q15773347,film character
http://www.wikidata.org/entity/Q66190034,http://www.wikidata.org/prop/direct/P31,http://www.wikidata.org/entity/Q25933185,artificial intelligence in fiction
http://www.wikidata.org/entity/Q66190214,http://www.wikidata.org/prop/direct/P31,http://www.wikidata.org/entity/Q15632617,fictional human
http://www.wikidata.org/entity/Q66190214,http://www.wikidata.org/prop/direct/P31,http://www.wikidata.org/entity/Q15773347,film character
http://www.wikidata.org/entity/Q66190289,http://www.wikidata.org/prop/direct/P31,http://www.wikidata.org/entity/Q15632617,fictional human
http://www.wikidata.org/entity/Q66190289,http://www.wikidata.org/prop/direct/P31,http://www.wikidata.org/entity/Q15773347,film character
http://www.wikidata.org/entity/Q66190431,http://www.wikidata.org/prop/direct/P31,http://www.wikidata.org/entity/Q15632617,fictional human
http://www.wikidata.org/entity/Q66190431,http://www.wikidata.org/prop/direct/P31,http://www.wikidata.org/entity/Q15773347,film character
http://www.wikidata.org/entity/Q66190494,http://www.wikidata.org/prop/direct/P26,http://www.wikidata.org/entity/Q24026688,Clint Barton
http://www.wikidata.org/entity/Q66190494,http://www.wikidata.org/prop/direct/P31,http://www.wikidata.org/entity/Q15632617,fictional human
http://www.wikidata.org/entity/Q66190494,http://www.wikidata.org/prop/direct/P31,http://www.wikidata.org/entity/Q15773347,film character
http://www.wikidata.org/entity/Q66190494,http://www.wikidata.org/prop/direct/P40,http://www.wikidata.org/entity/Q66132777,Cooper Barton
http://www.wikidata.org/entity/Q66190494,http://www.wikidata.org/prop/direct/P40,http://www.wikidata.org/entity/Q66190714,Nathaniel Pietro Barton
http://www.wikidata.org/entity/Q66190494,http://www.wikidata.org/prop/direct/P40,http://www.wikidata.org/entity/Q66190801,Lila Barton
http://www.wikidata.org/entity/Q66190714,http://www.wikidata.org/prop/direct/P22,http://www.wikidata.org/entity/Q24026688,Clint Barton
http://www.wikidata.org/entity/Q66190714,http://www.wikidata.org/prop/direct/P25,http://www.wikidata.org/entity/Q66190494,Laura Barton
http://www.wikidata.org/entity/Q66190714,http://www.wikidata.org/prop/direct/P31,http://www.wikidata.org/entity/Q15632617,fictional human
http://www.wikidata.org/entity/Q66190714,http://www.wikidata.org/prop/direct/P31,http://www.wikidata.org/entity/Q15773347,film character
http://www.wikidata.org/entity/Q66190801,http://www.wikidata.org/prop/direct/P22,http://www.wikidata.org/entity/Q24026688,Clint Barton
http://www.wikidata.org/entity/Q66190801,http://www.wikidata.org/prop/direct/P25,http://www.wikidata.org/entity/Q66190494,Laura Barton
http://www.wikidata.org/entity/Q66190801,http://www.wikidata.org/prop/direct/P31,http://www.wikidata.org/entity/Q15632617,fictional human
http://www.wikidata.org/entity/Q66190801,http://www.wikidata.org/prop/direct/P31,http://www.wikidata.org/entity/Q15773347,film character
http://www.wikidata.org/entity/Q66190910,http://www.wikidata.org/prop/direct/P31,http://www.wikidata.org/entity/Q15632617,fictional human
http://www.wikidata.org/entity/Q60485305,http://www.wikidata.org/prop/direct/P31,http://www.wikidata.org/entity/Q15773317,television character
http://www.wikidata.org/entity/Q60485305,http://www.wikidata.org/prop/direct/P31,http://www.wikidata.org/entity/Q22074477,cyborg in a work of fiction
http://www.wikidata.org/entity/Q60485305,http://www.wikidata.org/prop/direct/P108,http://www.wikidata.org/entity/Q911971,S.H.I.E.L.D.
http://www.wikidata.org/entity/Q60485305,http://www.wikidata.org/prop/direct/P108,http://www.wikidata.org/entity/Q3052324,Hydra
http://www.wikidata.org/entity/Q60485320,http://www.wikidata.org/prop/direct/P27,http://www.wikidata.org/entity/Q30,United States
http://www.wikidata.org/entity/Q60485320,http://www.wikidata.org/prop/direct/P31,http://www.wikidata.org/entity/Q15773317,television character
http://www.wikidata.org/entity/Q60485320,http://www.wikidata.org/prop/direct/P31,http://www.wikidata.org/entity/Q22074477,cyborg in a work of fiction
http://www.wikidata.org/entity/Q60828180,http://www.wikidata.org/prop/direct/P31,http://www.wikidata.org/entity/Q1114461,comics character
http://www.wikidata.org/entity/Q60828180,http://www.wikidata.org/prop/direct/P31,http://www.wikidata.org/entity/Q15632617,fictional human
http://www.wikidata.org/entity/Q60828180,http://www.wikidata.org/prop/direct/P31,http://www.wikidata.org/entity/Q15773317,television character
http://www.wikidata.org/entity/Q60828180,http://www.wikidata.org/prop/direct/P40,http://www.wikidata.org/entity/Q9582149,Dagger
http://www.wikidata.org/entity/Q63405860,http://www.wikidata.org/prop/direct/P31,http://www.wikidata.org/entity/Q15773347,film character
http://www.wikidata.org/entity/Q63405860,http://www.wikidata.org/prop/direct/P31,http://www.wikidata.org/entity/Q88569700,anthropomorphic duck
http://www.wikidata.org/entity/Q64099772,http://www.wikidata.org/prop/direct/P26,http://www.wikidata.org/entity/Q129167347,Vanessa Fisk
http://www.wikidata.org/entity/Q64099772,http://www.wikidata.org/prop/direct/P27,http://www.wikidata.org/entity/Q30,United States
http://www.wikidata.org/entity/Q64099772,http://www.wikidata.org/prop/direct/P31,http://www.wikidata.org/entity/Q15632617,fictional human
http://www.wikidata.org/entity/Q64099772,http://www.wikidata.org/prop/direct/P31,http://www.wikidata.org/entity/Q15773317,television character
http://www.wikidata.org/entity/Q64099772,http://www.wikidata.org/prop/direct/P106,http://www.wikidata.org/entity/Q82955,politician
http://www.wikidata.org/entity/Q64099772,http://www.wikidata.org/prop/direct/P106,http://www.wikidata.org/entity/Q4947495,crime boss
http://www.wikidata.org/entity/Q64099772,http://www.wikidata.org/prop/direct/P106,http://www.wikidata.org/entity/Q17487600,real estate developer
http://www.wikidata.org/entity/Q64099772,http://www.wikidata.org/prop/direct/P7047,http://www.wikidata.org/entity/Q110414906,Matt Murdock
http://www.wikidata.org/entity/Q64514311,http://www.wikidata.org/prop/direct/P31,http://www.wikidata.org/entity/Q15773317,television character
http://www.wikidata.org/entity/Q64514311,http://www.wikidata.org/prop/direct/P463,http://www.wikidata.org/entity/Q1858350,Inhumans
http://www.wikidata.org/entity/Q64514325,http://www.wikidata.org/prop/direct/P27,http://www.wikidata.org/entity/Q30,United States
http://www.wikidata.org/entity/Q64514325,http://www.wikidata.org/prop/direct/P31,http://www.wikidata.org/entity/Q15632617,fictional human
http://www.wikidata.org/entity/Q64514325,http://www.wikidata.org/prop/direct/P31,http://www.wikidata.org/entity/Q15773317,television character
http://www.wikidata.org/entity/Q64658380,http://www.wikidata.org/prop/direct/P22,http://www.wikidata.org/entity/Q66189681,Joseph Danvers
http://www.wikidata.org/entity/Q64658380,http://www.wikidata.org/prop/direct/P31,http://www.wikidata.org/entity/Q15632617,fictional human
http://www.wikidata.org/entity/Q64658380,http://www.wikidata.org/prop/direct/P31,http://www.wikidata.org/entity/Q15773347,film character
http://www.wikidata.org/entity/Q64658380,http://www.wikidata.org/prop/direct/P106,http://www.wikidata.org/entity/Q618694,fighter pilot
http://www.wikidata.org/entity/Q64658380,http://www.wikidata.org/prop/direct/P463,http://www.wikidata.org/entity/Q11223,United States Air Force
http://www.wikidata.org/entity/Q64692748,http://www.wikidata.org/prop/direct/P31,http://www.wikidata.org/entity/Q2708515,catchphrase
http://www.wikidata.org/entity/Q64692748,http://www.wikidata.org/prop/direct/P31,http://www.wikidata.org/entity/Q116811429,phrase originating from a work of fiction
http://www.wikidata.org/entity/Q64825451,http://www.wikidata.org/prop/direct/P31,http://www.wikidata.org/entity/Q15773347,film character
http://www.wikidata.org/entity/Q64825451,http://www.wikidata.org/prop/direct/P31,http://www.wikidata.org/entity/Q28020127,fictional humanoid
http://www.wikidata.org/entity/Q64825451,http://www.wikidata.org/prop/direct/P40,http://www.wikidata.org/entity/Q24050072,Gamora
http://www.wikidata.org/entity/Q64825451,http://www.wikidata.org/prop/direct/P40,http://www.wikidata.org/entity/Q24050097,Nebula
http://www.wikidata.org/entity/Q64825451,http://www.wikidata.org/prop/direct/P40,http://www.wikidata.org/entity/Q65935802,Corvus Glaive
http://www.wikidata.org/entity/Q64825451,http://www.wikidata.org/prop/direct/P40,http://www.wikidata.org/entity/Q65937824,Proxima Midnight
http://www.wikidata.org/entity/Q64825451,http://www.wikidata.org/prop/direct/P40,http://www.wikidata.org/entity/Q65937931,Cull Obsidian
http://www.wikidata.org/entity/Q64825451,http://www.wikidata.org/prop/direct/P40,http://www.wikidata.org/entity/Q65937943,Ebony Maw
http://www.wikidata.org/entity/Q64825451,http://www.wikidata.org/prop/direct/P5800,http://www.wikidata.org/entity/Q55712911,main antagonist
http://www.wikidata.org/entity/Q65920871,http://www.wikidata.org/prop/direct/P31,http://www.wikidata.org/entity/Q15632617,fictional human
http://www.wikidata.org/entity/Q65920871,http://www.wikidata.org/prop/direct/P31,http://www.wikidata.org/entity/Q15773317,television character
http://www.wikidata.org/entity/Q65920871,http://www.wikidata.org/prop/direct/P31,http://www.wikidata.org/entity/Q15773347,film character
http://www.wikidata.org/entity/Q65920871,http://www.wikidata.org/prop/direct/P106,http://www.wikidata.org/entity/Q833899,butler
http://www.wikidata.org/entity/Q65928804,http://www.wikidata.org/prop/direct/P27,http://www.wikidata.org/entity/Q30,United States
http://www.wikidata.org/entity/Q65928804,http://www.wikidata.org/prop/direct/P31,http://www.wikidata.org/entity/Q15632617,fictional human
http://www.wikidata.org/entity/Q65928804,http://www.wikidata.org/prop/direct/P31,http://www.wikidata.org/entity/Q15773347,film character
http://www.wikidata.org/entity/Q65928804,http://www.wikidata.org/prop/direct/P106,http://www.wikidata.org/entity/Q1650915,researcher
http://www.wikidata.org/entity/Q65929156,http://www.wikidata.org/prop/direct/P27,http://www.wikidata.org/entity/Q30,United States
http://www.wikidata.org/entity/Q65929156,http://www.wikidata.org/prop/direct/P31,http://www.wikidata.org/entity/Q15632617,fictional human
http://www.wikidata.org/entity/Q65929156,http://www.wikidata.org/prop/direct/P31,http://www.wikidata.org/entity/Q15773347,film character
http://www.wikidata.org/entity/Q65929156,http://www.wikidata.org/prop/direct/P106,http://www.wikidata.org/entity/Q43845,businessperson
http://www.wikidata.org/entity/Q65929156,http://www.wikidata.org/prop/direct/P106,http://www.wikidata.org/entity/Q12414919,terrorist
http://www.wikidata.org/entity/Q65929156,http://www.wikidata.org/prop/direct/P106,http://www.wikidata.org/entity/Q63967171,conspirator
http://www.wikidata.org/entity/Q65929156,http://www.wikidata.org/prop/direct/P2563,http://www.wikidata.org/entity/Q4386945,superhuman strength
http://www.wikidata.org/entity/Q65929156,http://www.wikidata.org/prop/direct/P2563,http://www.wikidata.org/entity/Q47090903,superhuman agility / reflexes
http://www.wikidata.org/entity/Q65929198,http://www.wikidata.org/prop/direct/P22,http://www.wikidata.org/entity/Q65929221,Wenwu
http://www.wikidata.org/entity/Q65929198,http://www.wikidata.org/prop/direct/P463,http://www.wikidata.org/entity/Q112135896,Ten Rings
http://www.wikidata.org/entity/Q65929198,http://www.wikidata.org/prop/direct/P7047,http://www.wikidata.org/entity/Q112135896,Ten Rings
http://www.wikidata.org/entity/Q65929198,http://www.wikidata.org/prop/direct/P31,http://www.wikidata.org/entity/Q15632617,fictional human
http://www.wikidata.org/entity/Q65929198,http://www.wikidata.org/prop/direct/P31,http://www.wikidata.org/entity/Q15773347,film character
http://www.wikidata.org/entity/Q65929198,http://www.wikidata.org/prop/direct/P3373,http://www.wikidata.org/entity/Q112135908,Xialing
http://www.wikidata.org/entity/Q65929221,http://www.wikidata.org/prop/direct/P31,http://www.wikidata.org/entity/Q15632617,fictional human
http://www.wikidata.org/entity/Q65929221,http://www.wikidata.org/prop/direct/P31,http://www.wikidata.org/entity/Q15773347,film character
http://www.wikidata.org/entity/Q65929221,http://www.wikidata.org/prop/direct/P40,http://www.wikidata.org/entity/Q65929198,Shang-Chi
http://www.wikidata.org/entity/Q65929221,http://www.wikidata.org/prop/direct/P40,http://www.wikidata.org/entity/Q112135908,Xialing
http://www.wikidata.org/entity/Q65929221,http://www.wikidata.org/prop/direct/P463,http://www.wikidata.org/entity/Q112135896,Ten Rings
http://www.wikidata.org/entity/Q65929221,http://www.wikidata.org/prop/direct/P2563,http://www.wikidata.org/entity/Q6005390,immortality in fiction
http://www.wikidata.org/entity/Q65929267,http://www.wikidata.org/prop/direct/P31,http://www.wikidata.org/entity/Q15632617,fictional human
http://www.wikidata.org/entity/Q65929267,http://www.wikidata.org/prop/direct/P31,http://www.wikidata.org/entity/Q15773347,film character
http://www.wikidata.org/entity/Q65929293,http://www.wikidata.org/prop/direct/P31,http://www.wikidata.org/entity/Q15632617,fictional human
http://www.wikidata.org/entity/Q65929293,http://www.wikidata.org/prop/direct/P31,http://www.wikidata.org/entity/Q15773347,film character
http://www.wikidata.org/entity/Q65929369,http://www.wikidata.org/prop/direct/P31,http://www.wikidata.org/entity/Q15632617,fictional human
http://www.wikidata.org/entity/Q65929369,http://www.wikidata.org/prop/direct/P31,http://www.wikidata.org/entity/Q15773347,film character
http://www.wikidata.org/entity/Q65929568,http://www.wikidata.org/prop/direct/P31,http://www.wikidata.org/entity/Q15773347,film character
http://www.wikidata.org/entity/Q65929568,http://www.wikidata.org/prop/direct/P31,http://www.wikidata.org/entity/Q66311403,Dark Elf
http://www.wikidata.org/entity/Q65929591,http://www.wikidata.org/prop/direct/P31,http://www.wikidata.org/entity/Q15632617,fictional human
http://www.wikidata.org/entity/Q65929591,http://www.wikidata.org/prop/direct/P31,http://www.wikidata.org/entity/Q15773347,film character
http://www.wikidata.org/entity/Q65929641,http://www.wikidata.org/prop/direct/P31,http://www.wikidata.org/entity/Q15773347,film character
http://www.wikidata.org/entity/Q65929641,http://www.wikidata.org/prop/direct/P31,http://www.wikidata.org/entity/Q66311261,Asgardian
http://www.wikidata.org/entity/Q65929696,http://www.wikidata.org/prop/direct/P31,http://www.wikidata.org/entity/Q15773347,film character
http://www.wikidata.org/entity/Q65929696,http://www.wikidata.org/prop/direct/P31,http://www.wikidata.org/entity/Q66311395,Kree
http://www.wikidata.org/entity/Q65929709,http://www.wikidata.org/prop/direct/P31,http://www.wikidata.org/entity/Q15773347,film character
http://www.wikidata.org/entity/Q65929709,http://www.wikidata.org/prop/direct/P31,http://www.wikidata.org/entity/Q89049176,dhampir in a work of fiction
http://www.wikidata.org/entity/Q65929729,http://www.wikidata.org/prop/direct/P31,http://www.wikidata.org/entity/Q15773347,film character
http://www.wikidata.org/entity/Q65929729,http://www.wikidata.org/prop/direct/P31,http://www.wikidata.org/entity/Q66311403,Dark Elf
http://www.wikidata.org/entity/Q65929729,http://www.wikidata.org/prop/direct/P7047,http://www.wikidata.org/entity/Q24046102,Thor
http://www.wikidata.org/entity/Q65929755,http://www.wikidata.org/prop/direct/P31,http://www.wikidata.org/entity/Q15632617,fictional human
http://www.wikidata.org/entity/Q65929755,http://www.wikidata.org/prop/direct/P31,http://www.wikidata.org/entity/Q15773347,film character
http://www.wikidata.org/entity/Q65929788,http://www.wikidata.org/prop/direct/P22,http://www.wikidata.org/entity/Q24027376,Thaddeus Ross
http://www.wikidata.org/entity/Q65929788,http://www.wikidata.org/prop/direct/P27,http://www.wikidata.org/entity/Q30,United States
http://www.wikidata.org/entity/Q65929788,http://www.wikidata.org/prop/direct/P31,http://www.wikidata.org/entity/Q15632617,fictional human
http://www.wikidata.org/entity/Q65929788,http://www.wikidata.org/prop/direct/P31,http://www.wikidata.org/entity/Q15773347,film character
http://www.wikidata.org/entity/Q65929830,http://www.wikidata.org/prop/direct/P31,http://www.wikidata.org/entity/Q15632617,fictional human
http://www.wikidata.org/entity/Q65929830,http://www.wikidata.org/prop/direct/P31,http://www.wikidata.org/entity/Q15773347,film character
http://www.wikidata.org/entity/Q65929846,http://www.wikidata.org/prop/direct/P31,http://www.wikidata.org/entity/Q15632617,fictional human
http://www.wikidata.org/entity/Q65929846,http://www.wikidata.org/prop/direct/P31,http://www.wikidata.org/entity/Q15773347,film character
http://www.wikidata.org/entity/Q65935271,http://www.wikidata.org/prop/direct/P31,http://www.wikidata.org/entity/Q15632617,fictional human
http://www.wikidata.org/entity/Q66194446,http://www.wikidata.org/prop/direct/P31,http://www.wikidata.org/entity/Q15632617,fictional human
http://www.wikidata.org/entity/Q66194446,http://www.wikidata.org/prop/direct/P31,http://www.wikidata.org/entity/Q15773347,film character
http://www.wikidata.org/entity/Q66194497,http://www.wikidata.org/prop/direct/P31,http://www.wikidata.org/entity/Q15632617,fictional human
http://www.wikidata.org/entity/Q66194497,http://www.wikidata.org/prop/direct/P31,http://www.wikidata.org/entity/Q15773347,film character
http://www.wikidata.org/entity/Q66194598,http://www.wikidata.org/prop/direct/P31,http://www.wikidata.org/entity/Q15632617,fictional human
http://www.wikidata.org/entity/Q66194598,http://www.wikidata.org/prop/direct/P31,http://www.wikidata.org/entity/Q15773347,film character
http://www.wikidata.org/entity/Q66195344,http://www.wikidata.org/prop/direct/P31,http://www.wikidata.org/entity/Q15632617,fictional human
http://www.wikidata.org/entity/Q66195344,http://www.wikidata.org/prop/direct/P31,http://www.wikidata.org/entity/Q15773347,film character
http://www.wikidata.org/entity/Q66195461,http://www.wikidata.org/prop/direct/P31,http://www.wikidata.org/entity/Q15632617,fictional human
http://www.wikidata.org/entity/Q66195461,http://www.wikidata.org/prop/direct/P31,http://www.wikidata.org/entity/Q15773347,film character
http://www.wikidata.org/entity/Q66195522,http://www.wikidata.org/prop/direct/P31,http://www.wikidata.org/entity/Q15632617,fictional human
http://www.wikidata.org/entity/Q66195522,http://www.wikidata.org/prop/direct/P31,http://www.wikidata.org/entity/Q15773347,film character
http://www.wikidata.org/entity/Q66195568,http://www.wikidata.org/prop/direct/P31,http://www.wikidata.org/entity/Q15632617,fictional human
http://www.wikidata.org/entity/Q66195568,http://www.wikidata.org/prop/direct/P31,http://www.wikidata.org/entity/Q15773347,film character
http://www.wikidata.org/entity/Q66195604,http://www.wikidata.org/prop/direct/P31,http://www.wikidata.org/entity/Q15632617,fictional human
http://www.wikidata.org/entity/Q66195604,http://www.wikidata.org/prop/direct/P31,http://www.wikidata.org/entity/Q15773347,film character
http://www.wikidata.org/entity/Q66195670,http://www.wikidata.org/prop/direct/P31,http://www.wikidata.org/entity/Q15632617,fictional human
http://www.wikidata.org/entity/Q66195670,http://www.wikidata.org/prop/direct/P31,http://www.wikidata.org/entity/Q15773347,film character
http://www.wikidata.org/entity/Q66195769,http://www.wikidata.org/prop/direct/P31,http://www.wikidata.org/entity/Q15632617,fictional human
http://www.wikidata.org/entity/Q66195769,http://www.wikidata.org/prop/direct/P31,http://www.wikidata.org/entity/Q15773347,film character
http://www.wikidata.org/entity/Q66195847,http://www.wikidata.org/prop/direct/P31,http://www.wikidata.org/entity/Q15632617,fictional human
http://www.wikidata.org/entity/Q66195847,http://www.wikidata.org/prop/direct/P31,http://www.wikidata.org/entity/Q15773347,film character
http://www.wikidata.org/entity/Q66195880,http://www.wikidata.org/prop/direct/P31,http://www.wikidata.org/entity/Q15632617,fictional human
http://www.wikidata.org/entity/Q66195880,http://www.wikidata.org/prop/direct/P31,http://www.wikidata.org/entity/Q15773347,film character
http://www.wikidata.org/entity/Q66195918,http://www.wikidata.org/prop/direct/P31,http://www.wikidata.org/entity/Q15632617,fictional human
http://www.wikidata.org/entity/Q66195918,http://www.wikidata.org/prop/direct/P31,http://www.wikidata.org/entity/Q15773347,film character
http://www.wikidata.org/entity/Q66195968,http://www.wikidata.org/prop/direct/P31,http://www.wikidata.org/entity/Q15632617,fictional human
http://www.wikidata.org/entity/Q66195968,http://www.wikidata.org/prop/direct/P31,http://www.wikidata.org/entity/Q15773347,film character
http://www.wikidata.org/entity/Q66196008,http://www.wikidata.org/prop/direct/P31,http://www.wikidata.org/entity/Q15632617,fictional human
http://www.wikidata.org/entity/Q66196008,http://www.wikidata.org/prop/direct/P31,http://www.wikidata.org/entity/Q15773347,film character
http://www.wikidata.org/entity/Q66196036,http://www.wikidata.org/prop/direct/P31,http://www.wikidata.org/entity/Q15632617,fictional human
http://www.wikidata.org/entity/Q66196036,http://www.wikidata.org/prop/direct/P31,http://www.wikidata.org/entity/Q15773347,film character
http://www.wikidata.org/entity/Q66196067,http://www.wikidata.org/prop/direct/P31,http://www.wikidata.org/entity/Q15632617,fictional human
http://www.wikidata.org/entity/Q66196067,http://www.wikidata.org/prop/direct/P31,http://www.wikidata.org/entity/Q15773347,film character
http://www.wikidata.org/entity/Q66196132,http://www.wikidata.org/prop/direct/P31,http://www.wikidata.org/entity/Q15632617,fictional human
http://www.wikidata.org/entity/Q66196132,http://www.wikidata.org/prop/direct/P31,http://www.wikidata.org/entity/Q15773347,film character
http://www.wikidata.org/entity/Q66196132,http://www.wikidata.org/prop/direct/P40,http://www.wikidata.org/entity/Q66191655,Chad Davis
http://www.wikidata.org/entity/Q66196208,http://www.wikidata.org/prop/direct/P31,http://www.wikidata.org/entity/Q15632617,fictional human
http://www.wikidata.org/entity/Q66196208,http://www.wikidata.org/prop/direct/P31,http://www.wikidata.org/entity/Q15773347,film character
http://www.wikidata.org/entity/Q66196265,http://www.wikidata.org/prop/direct/P31,http://www.wikidata.org/entity/Q15632617,fictional human
http://www.wikidata.org/entity/Q66196265,http://www.wikidata.org/prop/direct/P31,http://www.wikidata.org/entity/Q15773347,film character
http://www.wikidata.org/entity/Q66196306,http://www.wikidata.org/prop/direct/P31,http://www.wikidata.org/entity/Q15632617,fictional human
http://www.wikidata.org/entity/Q66196306,http://www.wikidata.org/prop/direct/P31,http://www.wikidata.org/entity/Q15773347,film character
http://www.wikidata.org/entity/Q66196351,http://www.wikidata.org/prop/direct/P31,http://www.wikidata.org/entity/Q15773347,film character
http://www.wikidata.org/entity/Q66196351,http://www.wikidata.org/prop/direct/P31,http://www.wikidata.org/entity/Q66311335,Xandarian
http://www.wikidata.org/entity/Q66196466,http://www.wikidata.org/prop/direct/P31,http://www.wikidata.org/entity/Q15632617,fictional human
http://www.wikidata.org/entity/Q66196466,http://www.wikidata.org/prop/direct/P31,http://www.wikidata.org/entity/Q15773347,film character
http://www.wikidata.org/entity/Q66196576,http://www.wikidata.org/prop/direct/P31,http://www.wikidata.org/entity/Q15720625,fictional dog
http://www.wikidata.org/entity/Q66196576,http://www.wikidata.org/prop/direct/P31,http://www.wikidata.org/entity/Q15773347,film character
http://www.wikidata.org/entity/Q66196576,http://www.wikidata.org/prop/direct/P2563,http://www.wikidata.org/entity/Q170612,telepathy
http://www.wikidata.org/entity/Q66196729,http://www.wikidata.org/prop/direct/P31,http://www.wikidata.org/entity/Q15632617,fictional human
http://www.wikidata.org/entity/Q66196729,http://www.wikidata.org/prop/direct/P31,http://www.wikidata.org/entity/Q15773347,film character
http://www.wikidata.org/entity/Q66196786,http://www.wikidata.org/prop/direct/P31,http://www.wikidata.org/entity/Q15632617,fictional human
http://www.wikidata.org/entity/Q66196786,http://www.wikidata.org/prop/direct/P31,http://www.wikidata.org/entity/Q15773347,film character
http://www.wikidata.org/entity/Q66196831,http://www.wikidata.org/prop/direct/P31,http://www.wikidata.org/entity/Q15632617,fictional human
http://www.wikidata.org/entity/Q66196831,http://www.wikidata.org/prop/direct/P31,http://www.wikidata.org/entity/Q15773347,film character
http://www.wikidata.org/entity/Q66196867,http://www.wikidata.org/prop/direct/P31,http://www.wikidata.org/entity/Q15632617,fictional human
http://www.wikidata.org/entity/Q66196867,http://www.wikidata.org/prop/direct/P31,http://www.wikidata.org/entity/Q15773347,film character
http://www.wikidata.org/entity/Q66196905,http://www.wikidata.org/prop/direct/P31,http://www.wikidata.org/entity/Q15632617,fictional human
http://www.wikidata.org/entity/Q66196905,http://www.wikidata.org/prop/direct/P31,http://www.wikidata.org/entity/Q15773347,film character
http://www.wikidata.org/entity/Q66196986,http://www.wikidata.org/prop/direct/P31,http://www.wikidata.org/entity/Q15632617,fictional human
http://www.wikidata.org/entity/Q66196986,http://www.wikidata.org/prop/direct/P31,http://www.wikidata.org/entity/Q15773347,film character
http://www.wikidata.org/entity/Q66197045,http://www.wikidata.org/prop/direct/P31,http://www.wikidata.org/entity/Q15632617,fictional human
http://www.wikidata.org/entity/Q66197045,http://www.wikidata.org/prop/direct/P31,http://www.wikidata.org/entity/Q15773347,film character
http://www.wikidata.org/entity/Q66197086,http://www.wikidata.org/prop/direct/P31,http://www.wikidata.org/entity/Q15632617,fictional human
http://www.wikidata.org/entity/Q66197086,http://www.wikidata.org/prop/direct/P31,http://www.wikidata.org/entity/Q15773347,film character
http://www.wikidata.org/entity/Q66197162,http://www.wikidata.org/prop/direct/P31,http://www.wikidata.org/entity/Q15632617,fictional human
http://www.wikidata.org/entity/Q66197162,http://www.wikidata.org/prop/direct/P31,http://www.wikidata.org/entity/Q15773347,film character
http://www.wikidata.org/entity/Q66197206,http://www.wikidata.org/prop/direct/P31,http://www.wikidata.org/entity/Q15632617,fictional human
http://www.wikidata.org/entity/Q66197206,http://www.wikidata.org/prop/direct/P31,http://www.wikidata.org/entity/Q15773347,film character
http://www.wikidata.org/entity/Q66197241,http://www.wikidata.org/prop/direct/P31,http://www.wikidata.org/entity/Q15632617,fictional human
http://www.wikidata.org/entity/Q66197241,http://www.wikidata.org/prop/direct/P31,http://www.wikidata.org/entity/Q15773347,film character
http://www.wikidata.org/entity/Q66197283,http://www.wikidata.org/prop/direct/P31,http://www.wikidata.org/entity/Q15632617,fictional human
http://www.wikidata.org/entity/Q66197283,http://www.wikidata.org/prop/direct/P31,http://www.wikidata.org/entity/Q15773347,film character
http://www.wikidata.org/entity/Q66197353,http://www.wikidata.org/prop/direct/P31,http://www.wikidata.org/entity/Q15632617,fictional human
http://www.wikidata.org/entity/Q66197353,http://www.wikidata.org/prop/direct/P31,http://www.wikidata.org/entity/Q15773347,film character
http://www.wikidata.org/entity/Q66197408,http://www.wikidata.org/prop/direct/P31,http://www.wikidata.org/entity/Q15632617,fictional human
http://www.wikidata.org/entity/Q66197408,http://www.wikidata.org/prop/direct/P31,http://www.wikidata.org/entity/Q15773347,film character
http://www.wikidata.org/entity/Q66197458,http://www.wikidata.org/prop/direct/P31,http://www.wikidata.org/entity/Q15632617,fictional human
http://www.wikidata.org/entity/Q66197458,http://www.wikidata.org/prop/direct/P31,http://www.wikidata.org/entity/Q15773347,film character
http://www.wikidata.org/entity/Q66197484,http://www.wikidata.org/prop/direct/P31,http://www.wikidata.org/entity/Q15632617,fictional human
http://www.wikidata.org/entity/Q66197484,http://www.wikidata.org/prop/direct/P31,http://www.wikidata.org/entity/Q15773347,film character
http://www.wikidata.org/entity/Q66197514,http://www.wikidata.org/prop/direct/P31,http://www.wikidata.org/entity/Q15632617,fictional human
http://www.wikidata.org/entity/Q66197514,http://www.wikidata.org/prop/direct/P31,http://www.wikidata.org/entity/Q15773347,film character
http://www.wikidata.org/entity/Q66197558,http://www.wikidata.org/prop/direct/P31,http://www.wikidata.org/entity/Q15632617,fictional human
http://www.wikidata.org/entity/Q66197558,http://www.wikidata.org/prop/direct/P31,http://www.wikidata.org/entity/Q15773347,film character
http://www.wikidata.org/entity/Q66197610,http://www.wikidata.org/prop/direct/P31,http://www.wikidata.org/entity/Q15632617,fictional human
http://www.wikidata.org/entity/Q66197610,http://www.wikidata.org/prop/direct/P31,http://www.wikidata.org/entity/Q15773347,film character
http://www.wikidata.org/entity/Q66197650,http://www.wikidata.org/prop/direct/P31,http://www.wikidata.org/entity/Q15632617,fictional human
http://www.wikidata.org/entity/Q66197650,http://www.wikidata.org/prop/direct/P31,http://www.wikidata.org/entity/Q15773347,film character
http://www.wikidata.org/entity/Q66197694,http://www.wikidata.org/prop/direct/P31,http://www.wikidata.org/entity/Q15632617,fictional human
http://www.wikidata.org/entity/Q66197694,http://www.wikidata.org/prop/direct/P31,http://www.wikidata.org/entity/Q15773347,film character
http://www.wikidata.org/entity/Q66197725,http://www.wikidata.org/prop/direct/P31,http://www.wikidata.org/entity/Q15632617,fictional human
http://www.wikidata.org/entity/Q66197725,http://www.wikidata.org/prop/direct/P31,http://www.wikidata.org/entity/Q15773347,film character
http://www.wikidata.org/entity/Q66197767,http://www.wikidata.org/prop/direct/P31,http://www.wikidata.org/entity/Q15632617,fictional human
http://www.wikidata.org/entity/Q66197767,http://www.wikidata.org/prop/direct/P31,http://www.wikidata.org/entity/Q15773347,film character
http://www.wikidata.org/entity/Q66197825,http://www.wikidata.org/prop/direct/P31,http://www.wikidata.org/entity/Q15632617,fictional human
http://www.wikidata.org/entity/Q66197825,http://www.wikidata.org/prop/direct/P31,http://www.wikidata.org/entity/Q15773347,film character
http://www.wikidata.org/entity/Q66197863,http://www.wikidata.org/prop/direct/P31,http://www.wikidata.org/entity/Q15632617,fictional human
http://www.wikidata.org/entity/Q66197863,http://www.wikidata.org/prop/direct/P31,http://www.wikidata.org/entity/Q15773347,film character
http://www.wikidata.org/entity/Q66190910,http://www.wikidata.org/prop/direct/P31,http://www.wikidata.org/entity/Q15773347,film character
http://www.wikidata.org/entity/Q66190994,http://www.wikidata.org/prop/direct/P31,http://www.wikidata.org/entity/Q15632617,fictional human
http://www.wikidata.org/entity/Q66190994,http://www.wikidata.org/prop/direct/P31,http://www.wikidata.org/entity/Q15773347,film character
http://www.wikidata.org/entity/Q66191108,http://www.wikidata.org/prop/direct/P31,http://www.wikidata.org/entity/Q15632617,fictional human
http://www.wikidata.org/entity/Q66191108,http://www.wikidata.org/prop/direct/P31,http://www.wikidata.org/entity/Q15773347,film character
http://www.wikidata.org/entity/Q66191257,http://www.wikidata.org/prop/direct/P31,http://www.wikidata.org/entity/Q15632617,fictional human
http://www.wikidata.org/entity/Q66191257,http://www.wikidata.org/prop/direct/P31,http://www.wikidata.org/entity/Q15773347,film character
http://www.wikidata.org/entity/Q66191428,http://www.wikidata.org/prop/direct/P31,http://www.wikidata.org/entity/Q15632617,fictional human
http://www.wikidata.org/entity/Q66191428,http://www.wikidata.org/prop/direct/P31,http://www.wikidata.org/entity/Q15773347,film character
http://www.wikidata.org/entity/Q66191496,http://www.wikidata.org/prop/direct/P31,http://www.wikidata.org/entity/Q15632617,fictional human
http://www.wikidata.org/entity/Q66191496,http://www.wikidata.org/prop/direct/P31,http://www.wikidata.org/entity/Q15773347,film character
http://www.wikidata.org/entity/Q66191596,http://www.wikidata.org/prop/direct/P31,http://www.wikidata.org/entity/Q15632617,fictional human
http://www.wikidata.org/entity/Q66191596,http://www.wikidata.org/prop/direct/P31,http://www.wikidata.org/entity/Q15773347,film character
http://www.wikidata.org/entity/Q66191655,http://www.wikidata.org/prop/direct/P25,http://www.wikidata.org/entity/Q66196132,Mrs. Davis
http://www.wikidata.org/entity/Q66191655,http://www.wikidata.org/prop/direct/P31,http://www.wikidata.org/entity/Q15632617,fictional human
http://www.wikidata.org/entity/Q66191655,http://www.wikidata.org/prop/direct/P31,http://www.wikidata.org/entity/Q15773347,film character
http://www.wikidata.org/entity/Q66191701,http://www.wikidata.org/prop/direct/P31,http://www.wikidata.org/entity/Q15632617,fictional human
http://www.wikidata.org/entity/Q66191701,http://www.wikidata.org/prop/direct/P31,http://www.wikidata.org/entity/Q15773347,film character
http://www.wikidata.org/entity/Q66191882,http://www.wikidata.org/prop/direct/P31,http://www.wikidata.org/entity/Q15632617,fictional human
http://www.wikidata.org/entity/Q66191882,http://www.wikidata.org/prop/direct/P31,http://www.wikidata.org/entity/Q15773347,film character
http://www.wikidata.org/entity/Q66192035,http://www.wikidata.org/prop/direct/P31,http://www.wikidata.org/entity/Q25933185,artificial intelligence in fiction
http://www.wikidata.org/entity/Q66192223,http://www.wikidata.org/prop/direct/P31,http://www.wikidata.org/entity/Q15632617,fictional human
http://www.wikidata.org/entity/Q66192223,http://www.wikidata.org/prop/direct/P31,http://www.wikidata.org/entity/Q15773347,film character
http://www.wikidata.org/entity/Q66192354,http://www.wikidata.org/prop/direct/P31,http://www.wikidata.org/entity/Q15632617,fictional human
http://www.wikidata.org/entity/Q66192354,http://www.wikidata.org/prop/direct/P31,http://www.wikidata.org/entity/Q15773347,film character
http://www.wikidata.org/entity/Q66192435,http://www.wikidata.org/prop/direct/P31,http://www.wikidata.org/entity/Q15632617,fictional human
http://www.wikidata.org/entity/Q66192435,http://www.wikidata.org/prop/direct/P31,http://www.wikidata.org/entity/Q15773347,film character
http://www.wikidata.org/entity/Q66192865,http://www.wikidata.org/prop/direct/P26,http://www.wikidata.org/entity/Q27813421,Adrian Toomes
http://www.wikidata.org/entity/Q66192865,http://www.wikidata.org/prop/direct/P31,http://www.wikidata.org/entity/Q15632617,fictional human
http://www.wikidata.org/entity/Q66192865,http://www.wikidata.org/prop/direct/P31,http://www.wikidata.org/entity/Q15773347,film character
http://www.wikidata.org/entity/Q66192865,http://www.wikidata.org/prop/direct/P40,http://www.wikidata.org/entity/Q26809707,Liz Toomes
http://www.wikidata.org/entity/Q66192949,http://www.wikidata.org/prop/direct/P31,http://www.wikidata.org/entity/Q15632617,fictional human
http://www.wikidata.org/entity/Q66192949,http://www.wikidata.org/prop/direct/P31,http://www.wikidata.org/entity/Q15773347,film character
http://www.wikidata.org/entity/Q66193113,http://www.wikidata.org/prop/direct/P31,http://www.wikidata.org/entity/Q15632617,fictional human
http://www.wikidata.org/entity/Q66193113,http://www.wikidata.org/prop/direct/P31,http://www.wikidata.org/entity/Q15773347,film character
http://www.wikidata.org/entity/Q66193253,http://www.wikidata.org/prop/direct/P31,http://www.wikidata.org/entity/Q15632617,fictional human
http://www.wikidata.org/entity/Q66193253,http://www.wikidata.org/prop/direct/P31,http://www.wikidata.org/entity/Q15773347,film character
http://www.wikidata.org/entity/Q66193312,http://www.wikidata.org/prop/direct/P31,http://www.wikidata.org/entity/Q15632617,fictional human
http://www.wikidata.org/entity/Q66193312,http://www.wikidata.org/prop/direct/P31,http://www.wikidata.org/entity/Q15773347,film character
http://www.wikidata.org/entity/Q66193374,http://www.wikidata.org/prop/direct/P31,http://www.wikidata.org/entity/Q15632617,fictional human
http://www.wikidata.org/entity/Q66193374,http://www.wikidata.org/prop/direct/P31,http://www.wikidata.org/entity/Q15773347,film character
http://www.wikidata.org/entity/Q66193444,http://www.wikidata.org/prop/direct/P31,http://www.wikidata.org/entity/Q15632617,fictional human
http://www.wikidata.org/entity/Q66193444,http://www.wikidata.org/prop/direct/P31,http://www.wikidata.org/entity/Q15773347,film character
http://www.wikidata.org/entity/Q66193513,http://www.wikidata.org/prop/direct/P31,http://www.wikidata.org/entity/Q15632617,fictional human
http://www.wikidata.org/entity/Q66193513,http://www.wikidata.org/prop/direct/P31,http://www.wikidata.org/entity/Q15773347,film character
http://www.wikidata.org/entity/Q66193683,http://www.wikidata.org/prop/direct/P31,http://www.wikidata.org/entity/Q15632617,fictional human
http://www.wikidata.org/entity/Q66193683,http://www.wikidata.org/prop/direct/P31,http://www.wikidata.org/entity/Q15773347,film character
http://www.wikidata.org/entity/Q66193752,http://www.wikidata.org/prop/direct/P31,http://www.wikidata.org/entity/Q15632617,fictional human
http://www.wikidata.org/entity/Q66193752,http://www.wikidata.org/prop/direct/P31,http://www.wikidata.org/entity/Q15773347,film character
http://www.wikidata.org/entity/Q66193792,http://www.wikidata.org/prop/direct/P31,http://www.wikidata.org/entity/Q15632617,fictional human
http://www.wikidata.org/entity/Q66193792,http://www.wikidata.org/prop/direct/P31,http://www.wikidata.org/entity/Q15773347,film character
http://www.wikidata.org/entity/Q66193853,http://www.wikidata.org/prop/direct/P31,http://www.wikidata.org/entity/Q15632617,fictional human
http://www.wikidata.org/entity/Q66193853,http://www.wikidata.org/prop/direct/P31,http://www.wikidata.org/entity/Q15773347,film character
http://www.wikidata.org/entity/Q66193924,http://www.wikidata.org/prop/direct/P31,http://www.wikidata.org/entity/Q15632617,fictional human
http://www.wikidata.org/entity/Q66193924,http://www.wikidata.org/prop/direct/P31,http://www.wikidata.org/entity/Q15773347,film character
http://www.wikidata.org/entity/Q66194002,http://www.wikidata.org/prop/direct/P31,http://www.wikidata.org/entity/Q15632617,fictional human
http://www.wikidata.org/entity/Q66194002,http://www.wikidata.org/prop/direct/P31,http://www.wikidata.org/entity/Q15773347,film character
http://www.wikidata.org/entity/Q66194056,http://www.wikidata.org/prop/direct/P31,http://www.wikidata.org/entity/Q15632617,fictional human
http://www.wikidata.org/entity/Q66194056,http://www.wikidata.org/prop/direct/P31,http://www.wikidata.org/entity/Q15773347,film character
http://www.wikidata.org/entity/Q66194115,http://www.wikidata.org/prop/direct/P31,http://www.wikidata.org/entity/Q15632617,fictional human
http://www.wikidata.org/entity/Q66194115,http://www.wikidata.org/prop/direct/P31,http://www.wikidata.org/entity/Q15773347,film character
http://www.wikidata.org/entity/Q66194172,http://www.wikidata.org/prop/direct/P31,http://www.wikidata.org/entity/Q15632617,fictional human
http://www.wikidata.org/entity/Q66194172,http://www.wikidata.org/prop/direct/P31,http://www.wikidata.org/entity/Q15773347,film character
http://www.wikidata.org/entity/Q66194263,http://www.wikidata.org/prop/direct/P31,http://www.wikidata.org/entity/Q15632617,fictional human
http://www.wikidata.org/entity/Q66194263,http://www.wikidata.org/prop/direct/P31,http://www.wikidata.org/entity/Q15773347,film character
http://www.wikidata.org/entity/Q66194316,http://www.wikidata.org/prop/direct/P31,http://www.wikidata.org/entity/Q15632617,fictional human
http://www.wikidata.org/entity/Q66194316,http://www.wikidata.org/prop/direct/P31,http://www.wikidata.org/entity/Q15773347,film character
http://www.wikidata.org/entity/Q66194363,http://www.wikidata.org/prop/direct/P31,http://www.wikidata.org/entity/Q15632617,fictional human
http://www.wikidata.org/entity/Q66194363,http://www.wikidata.org/prop/direct/P31,http://www.wikidata.org/entity/Q15773347,film character
http://www.wikidata.org/entity/Q66194397,http://www.wikidata.org/prop/direct/P31,http://www.wikidata.org/entity/Q15632617,fictional human
http://www.wikidata.org/entity/Q66194397,http://www.wikidata.org/prop/direct/P31,http://www.wikidata.org/entity/Q15773347,film character
http://www.wikidata.org/entity/Q66311399,http://www.wikidata.org/prop/direct/P31,http://www.wikidata.org/entity/Q24286894,fictional humanoid species
http://www.wikidata.org/entity/Q66311403,http://www.wikidata.org/prop/direct/P31,http://www.wikidata.org/entity/Q24286894,fictional humanoid species
http://www.wikidata.org/entity/Q66311406,http://www.wikidata.org/prop/direct/P31,http://www.wikidata.org/entity/Q24286894,fictional humanoid species
http://www.wikidata.org/entity/Q66311412,http://www.wikidata.org/prop/direct/P31,http://www.wikidata.org/entity/Q24286894,fictional humanoid species
http://www.wikidata.org/entity/Q66311417,http://www.wikidata.org/prop/direct/P31,http://www.wikidata.org/entity/Q24286894,fictional humanoid species
http://www.wikidata.org/entity/Q66311420,http://www.wikidata.org/prop/direct/P31,http://www.wikidata.org/entity/Q15702752,fictional species of animal
http://www.wikidata.org/entity/Q66817198,http://www.wikidata.org/prop/direct/P27,http://www.wikidata.org/entity/Q30,United States
http://www.wikidata.org/entity/Q66817198,http://www.wikidata.org/prop/direct/P31,http://www.wikidata.org/entity/Q1975749,supersoldier
http://www.wikidata.org/entity/Q66817198,http://www.wikidata.org/prop/direct/P31,http://www.wikidata.org/entity/Q15632617,fictional human
http://www.wikidata.org/entity/Q66817198,http://www.wikidata.org/prop/direct/P31,http://www.wikidata.org/entity/Q15773317,television character
http://www.wikidata.org/entity/Q66817198,http://www.wikidata.org/prop/direct/P463,http://www.wikidata.org/entity/Q11211,United States Armed Forces
http://www.wikidata.org/entity/Q96265004,http://www.wikidata.org/prop/direct/P31,http://www.wikidata.org/entity/Q14637321,fictional spacecraft
http://www.wikidata.org/entity/Q96280132,http://www.wikidata.org/prop/direct/P31,http://www.wikidata.org/entity/Q14637321,fictional spacecraft
http://www.wikidata.org/entity/Q96379736,http://www.wikidata.org/prop/direct/P31,http://www.wikidata.org/entity/Q1114461,comics character
http://www.wikidata.org/entity/Q96379736,http://www.wikidata.org/prop/direct/P31,http://www.wikidata.org/entity/Q15773347,film character
http://www.wikidata.org/entity/Q96379736,http://www.wikidata.org/prop/direct/P31,http://www.wikidata.org/entity/Q89050960,fictional humanoid extraterrestrial
http://www.wikidata.org/entity/Q96379736,http://www.wikidata.org/prop/direct/P7047,http://www.wikidata.org/entity/Q717588,Thor
http://www.wikidata.org/entity/Q96379857,http://www.wikidata.org/prop/direct/P27,http://www.wikidata.org/entity/Q30,United States
http://www.wikidata.org/entity/Q96379857,http://www.wikidata.org/prop/direct/P31,http://www.wikidata.org/entity/Q15632617,fictional human
http://www.wikidata.org/entity/Q96379857,http://www.wikidata.org/prop/direct/P31,http://www.wikidata.org/entity/Q15773317,television character
http://www.wikidata.org/entity/Q96379857,http://www.wikidata.org/prop/direct/P463,http://www.wikidata.org/entity/Q3052324,Hydra
http://www.wikidata.org/entity/Q97798485,http://www.wikidata.org/prop/direct/P31,http://www.wikidata.org/entity/Q15632617,fictional human
http://www.wikidata.org/entity/Q97798485,http://www.wikidata.org/prop/direct/P31,http://www.wikidata.org/entity/Q15773317,television character
http://www.wikidata.org/entity/Q103046044,http://www.wikidata.org/prop/direct/P31,http://www.wikidata.org/entity/Q15720870,fictional weapon
http://www.wikidata.org/entity/Q103046044,http://www.wikidata.org/prop/direct/P31,http://www.wikidata.org/entity/Q65939560,fictional armor
http://www.wikidata.org/entity/Q106143110,http://www.wikidata.org/prop/direct/P31,http://www.wikidata.org/entity/Q1145276,fictional country
http://www.wikidata.org/entity/Q106843272,http://www.wikidata.org/prop/direct/P31,http://www.wikidata.org/entity/Q15720567,superhero team
http://www.wikidata.org/entity/Q106856883,http://www.wikidata.org/prop/direct/P31,http://www.wikidata.org/entity/Q14136353,fictional occurrence
http://www.wikidata.org/entity/Q106939354,http://www.wikidata.org/prop/direct/P31,http://www.wikidata.org/entity/Q488733,MacGuffin
http://www.wikidata.org/entity/Q106939354,http://www.wikidata.org/prop/direct/P31,http://www.wikidata.org/entity/Q15720870,fictional weapon
http://www.wikidata.org/entity/Q106939354,http://www.wikidata.org/prop/direct/P31,http://www.wikidata.org/entity/Q23010327,group of fictional objects
http://www.wikidata.org/entity/Q106962400,http://www.wikidata.org/prop/direct/P31,http://www.wikidata.org/entity/Q15632617,fictional human
http://www.wikidata.org/entity/Q106962400,http://www.wikidata.org/prop/direct/P31,http://www.wikidata.org/entity/Q15773317,television character
http://www.wikidata.org/entity/Q106962400,http://www.wikidata.org/prop/direct/P463,http://www.wikidata.org/entity/Q911971,S.H.I.E.L.D.
http://www.wikidata.org/entity/Q107203470,http://www.wikidata.org/prop/direct/P26,http://www.wikidata.org/entity/Q2057532,Henry Pym
http://www.wikidata.org/entity/Q107203470,http://www.wikidata.org/prop/direct/P31,http://www.wikidata.org/entity/Q1114461,comics character
http://www.wikidata.org/entity/Q107203470,http://www.wikidata.org/prop/direct/P40,http://www.wikidata.org/entity/Q48740648,Nadia van Dyne
http://www.wikidata.org/entity/Q107506977,http://www.wikidata.org/prop/direct/P22,http://www.wikidata.org/entity/Q65935848,Alexei Shostakov
http://www.wikidata.org/entity/Q107506977,http://www.wikidata.org/prop/direct/P31,http://www.wikidata.org/entity/Q15632617,fictional human
http://www.wikidata.org/entity/Q107506977,http://www.wikidata.org/prop/direct/P31,http://www.wikidata.org/entity/Q15773347,film character
http://www.wikidata.org/entity/Q107506977,http://www.wikidata.org/prop/direct/P3373,http://www.wikidata.org/entity/Q23895063,Natasha Romanoff
http://www.wikidata.org/entity/Q107723311,http://www.wikidata.org/prop/direct/P31,http://www.wikidata.org/entity/Q15632617,fictional human
http://www.wikidata.org/entity/Q107723311,http://www.wikidata.org/prop/direct/P31,http://www.wikidata.org/entity/Q15773317,television character
http://www.wikidata.org/entity/Q108170999,http://www.wikidata.org/prop/direct/P31,http://www.wikidata.org/entity/Q113791292,animated short film series
http://www.wikidata.org/entity/Q108170999,http://www.wikidata.org/prop/direct/P31,http://www.wikidata.org/entity/Q117467246,animated television series
http://www.wikidata.org/entity/Q108403692,http://www.wikidata.org/prop/direct/P27,http://www.wikidata.org/entity/Q30,United States
http://www.wikidata.org/entity/Q108403692,http://www.wikidata.org/prop/direct/P31,http://www.wikidata.org/entity/Q15632617,fictional human
http://www.wikidata.org/entity/Q108403692,http://www.wikidata.org/prop/direct/P31,http://www.wikidata.org/entity/Q15773317,television character
http://www.wikidata.org/entity/Q108403692,http://www.wikidata.org/prop/direct/P106,http://www.wikidata.org/entity/Q3190387,vigilante
http://www.wikidata.org/entity/Q108403692,http://www.wikidata.org/prop/direct/P106,http://www.wikidata.org/entity/Q4991371,soldier
http://www.wikidata.org/entity/Q108415935,http://www.wikidata.org/prop/direct/P27,http://www.wikidata.org/entity/Q30,United States
http://www.wikidata.org/entity/Q108415935,http://www.wikidata.org/prop/direct/P31,http://www.wikidata.org/entity/Q15773317,television character
http://www.wikidata.org/entity/Q108415935,http://www.wikidata.org/prop/direct/P31,http://www.wikidata.org/entity/Q110826383,Inhuman
http://www.wikidata.org/entity/Q108415935,http://www.wikidata.org/prop/direct/P463,http://www.wikidata.org/entity/Q911971,S.H.I.E.L.D.
http://www.wikidata.org/entity/Q108515638,http://www.wikidata.org/prop/direct/P31,http://www.wikidata.org/entity/Q15773347,film character
http://www.wikidata.org/entity/Q108515638,http://www.wikidata.org/prop/direct/P31,http://www.wikidata.org/entity/Q28020127,fictional humanoid
http://www.wikidata.org/entity/Q108515638,http://www.wikidata.org/prop/direct/P106,http://www.wikidata.org/entity/Q33999,actor
http://www.wikidata.org/entity/Q109649169,http://www.wikidata.org/prop/direct/P31,http://www.wikidata.org/entity/Q14514600,group of fictional characters
http://www.wikidata.org/entity/Q110414906,http://www.wikidata.org/prop/direct/P25,http://www.wikidata.org/entity/Q129175907,Maggie Grace
http://www.wikidata.org/entity/Q110414906,http://www.wikidata.org/prop/direct/P27,http://www.wikidata.org/entity/Q30,United States
http://www.wikidata.org/entity/Q110414906,http://www.wikidata.org/prop/direct/P31,http://www.wikidata.org/entity/Q15632617,fictional human
http://www.wikidata.org/entity/Q110414906,http://www.wikidata.org/prop/direct/P31,http://www.wikidata.org/entity/Q15773317,television character
http://www.wikidata.org/entity/Q110414906,http://www.wikidata.org/prop/direct/P31,http://www.wikidata.org/entity/Q15773347,film character
http://www.wikidata.org/entity/Q110414906,http://www.wikidata.org/prop/direct/P106,http://www.wikidata.org/entity/Q40348,lawyer
http://www.wikidata.org/entity/Q110414906,http://www.wikidata.org/prop/direct/P106,http://www.wikidata.org/entity/Q3190387,vigilante
http://www.wikidata.org/entity/Q110414906,http://www.wikidata.org/prop/direct/P7047,http://www.wikidata.org/entity/Q64099772,Wilson Fisk
http://www.wikidata.org/entity/Q110818826,http://www.wikidata.org/prop/direct/P31,http://www.wikidata.org/entity/Q15706911,fictional object
http://www.wikidata.org/entity/Q110825083,http://www.wikidata.org/prop/direct/P31,http://www.wikidata.org/entity/Q15706911,fictional object
http://www.wikidata.org/entity/Q110970890,http://www.wikidata.org/prop/direct/P31,http://www.wikidata.org/entity/Q100706037,fictional dimension
http://www.wikidata.org/entity/Q111382468,http://www.wikidata.org/prop/direct/P31,http://www.wikidata.org/entity/Q15708422,fictional energy
http://www.wikidata.org/entity/Q111382468,http://www.wikidata.org/prop/direct/P31,http://www.wikidata.org/entity/Q23090938,fictional device
http://www.wikidata.org/entity/Q111385820,http://www.wikidata.org/prop/direct/P27,http://www.wikidata.org/entity/Q30,United States
http://www.wikidata.org/entity/Q111385820,http://www.wikidata.org/prop/direct/P31,http://www.wikidata.org/entity/Q15632617,fictional human
http://www.wikidata.org/entity/Q111385820,http://www.wikidata.org/prop/direct/P31,http://www.wikidata.org/entity/Q15773347,film character
http://www.wikidata.org/entity/Q111385820,http://www.wikidata.org/prop/direct/P106,http://www.wikidata.org/entity/Q890527,archer
http://www.wikidata.org/entity/Q111442407,http://www.wikidata.org/prop/direct/P31,http://www.wikidata.org/entity/Q63960235,fictional mansion
http://www.wikidata.org/entity/Q113043464,http://www.wikidata.org/prop/direct/P31,http://www.wikidata.org/entity/Q15632617,fictional human
http://www.wikidata.org/entity/Q113043464,http://www.wikidata.org/prop/direct/P31,http://www.wikidata.org/entity/Q15773317,television character
http://www.wikidata.org/entity/Q113169240,http://www.wikidata.org/prop/direct/P22,http://www.wikidata.org/entity/Q129168851,Yusuf Khan
http://www.wikidata.org/entity/Q113169240,http://www.wikidata.org/prop/direct/P27,http://www.wikidata.org/entity/Q30,United States
http://www.wikidata.org/entity/Q113169240,http://www.wikidata.org/prop/direct/P31,http://www.wikidata.org/entity/Q15773317,television character
http://www.wikidata.org/entity/Q113169240,http://www.wikidata.org/prop/direct/P31,http://www.wikidata.org/entity/Q15773347,film character
http://www.wikidata.org/entity/Q113169240,http://www.wikidata.org/prop/direct/P31,http://www.wikidata.org/entity/Q30168244,fictional human hybrid
http://www.wikidata.org/entity/Q113169240,http://www.wikidata.org/prop/direct/P2563,http://www.wikidata.org/entity/Q54805989,energy manipulation
http://www.wikidata.org/entity/Q113177483,http://www.wikidata.org/prop/direct/P31,http://www.wikidata.org/entity/Q15632617,fictional human
http://www.wikidata.org/entity/Q113177483,http://www.wikidata.org/prop/direct/P31,http://www.wikidata.org/entity/Q15773317,television character
http://www.wikidata.org/entity/Q113576166,http://www.wikidata.org/prop/direct/P31,http://www.wikidata.org/entity/Q15720567,superhero team
http://www.wikidata.org/entity/Q114241293,http://www.wikidata.org/prop/direct/P31,http://www.wikidata.org/entity/Q14136353,fictional occurrence
http://www.wikidata.org/entity/Q114241357,http://www.wikidata.org/prop/direct/P31,http://www.wikidata.org/entity/Q15707521,fictional battle
http://www.wikidata.org/entity/Q114241386,http://www.wikidata.org/prop/direct/P31,http://www.wikidata.org/entity/Q14136353,fictional occurrence
http://www.wikidata.org/entity/Q114241396,http://www.wikidata.org/prop/direct/P31,http://www.wikidata.org/entity/Q106921111,fictional town
http://www.wikidata.org/entity/Q114247358,http://www.wikidata.org/prop/direct/P31,http://www.wikidata.org/entity/Q14136353,fictional occurrence
http://www.wikidata.org/entity/Q114247413,http://www.wikidata.org/prop/direct/P31,http://www.wikidata.org/entity/Q14136353,fictional occurrence
http://www.wikidata.org/entity/Q114247462,http://www.wikidata.org/prop/direct/P31,http://www.wikidata.org/entity/Q15707521,fictional battle
http://www.wikidata.org/entity/Q114247494,http://www.wikidata.org/prop/direct/P31,http://www.wikidata.org/entity/Q89375087,fictional university
http://www.wikidata.org/entity/Q114247554,http://www.wikidata.org/prop/direct/P31,http://www.wikidata.org/entity/Q14136353,fictional occurrence
http://www.wikidata.org/entity/Q114775011,http://www.wikidata.org/prop/direct/P31,http://www.wikidata.org/entity/Q14136353,fictional occurrence
http://www.wikidata.org/entity/Q114775031,http://www.wikidata.org/prop/direct/P31,http://www.wikidata.org/entity/Q14136353,fictional occurrence
http://www.wikidata.org/entity/Q114775065,http://www.wikidata.org/prop/direct/P31,http://www.wikidata.org/entity/Q17682891,fictional prison
http://www.wikidata.org/entity/Q114775087,http://www.wikidata.org/prop/direct/P31,http://www.wikidata.org/entity/Q14136353,fictional occurrence
http://www.wikidata.org/entity/Q114861024,http://www.wikidata.org/prop/direct/P31,http://www.wikidata.org/entity/Q14136353,fictional occurrence
http://www.wikidata.org/entity/Q114861030,http://www.wikidata.org/prop/direct/P31,http://www.wikidata.org/entity/Q15707521,fictional battle
http://www.wikidata.org/entity/Q114872180,http://www.wikidata.org/prop/direct/P31,http://www.wikidata.org/entity/Q17198419,fictional war
http://www.wikidata.org/entity/Q114872275,http://www.wikidata.org/prop/direct/P31,http://www.wikidata.org/entity/Q14136353,fictional occurrence
http://www.wikidata.org/entity/Q114872313,http://www.wikidata.org/prop/direct/P31,http://www.wikidata.org/entity/Q14136353,fictional occurrence
http://www.wikidata.org/entity/Q114872362,http://www.wikidata.org/prop/direct/P31,http://www.wikidata.org/entity/Q14136353,fictional occurrence
http://www.wikidata.org/entity/Q114872399,http://www.wikidata.org/prop/direct/P31,http://www.wikidata.org/entity/Q15707521,fictional battle
http://www.wikidata.org/entity/Q115331065,http://www.wikidata.org/prop/direct/P31,http://www.wikidata.org/entity/Q17198419,fictional war
http://www.wikidata.org/entity/Q115331100,http://www.wikidata.org/prop/direct/P31,http://www.wikidata.org/entity/Q14136353,fictional occurrence
http://www.wikidata.org/entity/Q115331185,http://www.wikidata.org/prop/direct/P31,http://www.wikidata.org/entity/Q14136353,fictional occurrence
http://www.wikidata.org/entity/Q115331208,http://www.wikidata.org/prop/direct/P31,http://www.wikidata.org/entity/Q15707521,fictional battle
http://www.wikidata.org/entity/Q115331237,http://www.wikidata.org/prop/direct/P31,http://www.wikidata.org/entity/Q14136353,fictional occurrence
http://www.wikidata.org/entity/Q115331282,http://www.wikidata.org/prop/direct/P31,http://www.wikidata.org/entity/Q14136353,fictional occurrence
http://www.wikidata.org/entity/Q115331403,http://www.wikidata.org/prop/direct/P31,http://www.wikidata.org/entity/Q14136353,fictional occurrence
http://www.wikidata.org/entity/Q115331422,http://www.wikidata.org/prop/direct/P31,http://www.wikidata.org/entity/Q15707521,fictional battle
http://www.wikidata.org/entity/Q115361593,http://www.wikidata.org/prop/direct/P31,http://www.wikidata.org/entity/Q17198419,fictional war
http://www.wikidata.org/entity/Q115361748,http://www.wikidata.org/prop/direct/P31,http://www.wikidata.org/entity/Q15707521,fictional battle
http://www.wikidata.org/entity/Q115361944,http://www.wikidata.org/prop/direct/P31,http://www.wikidata.org/entity/Q14136353,fictional occurrence
http://www.wikidata.org/entity/Q115362072,http://www.wikidata.org/prop/direct/P31,http://www.wikidata.org/entity/Q17198419,fictional war
http://www.wikidata.org/entity/Q115362155,http://www.wikidata.org/prop/direct/P31,http://www.wikidata.org/entity/Q14136353,fictional occurrence
http://www.wikidata.org/entity/Q115362231,http://www.wikidata.org/prop/direct/P31,http://www.wikidata.org/entity/Q15707521,fictional battle
http://www.wikidata.org/entity/Q115362282,http://www.wikidata.org/prop/direct/P31,http://www.wikidata.org/entity/Q15707521,fictional battle
http://www.wikidata.org/entity/Q116025879,http://www.wikidata.org/prop/direct/P2563,http://www.wikidata.org/entity/Q1152040,healing factor
http://www.wikidata.org/entity/Q116025879,http://www.wikidata.org/prop/direct/P2563,http://www.wikidata.org/entity/Q4386945,superhuman strength
http://www.wikidata.org/entity/Q116025879,http://www.wikidata.org/prop/direct/P2563,http://www.wikidata.org/entity/Q47090903,superhuman agility / reflexes
http://www.wikidata.org/entity/Q116025879,http://www.wikidata.org/prop/direct/P2563,http://www.wikidata.org/entity/Q51879220,flight
http://www.wikidata.org/entity/Q116025879,http://www.wikidata.org/prop/direct/P2563,http://www.wikidata.org/entity/Q51908485,superhuman longevity
http://www.wikidata.org/entity/Q116025879,http://www.wikidata.org/prop/direct/P2563,http://www.wikidata.org/entity/Q51993795,waterbreathing
http://www.wikidata.org/entity/Q116025879,http://www.wikidata.org/prop/direct/P2563,http://www.wikidata.org/entity/Q83788671,superhuman endurance
http://www.wikidata.org/entity/Q116025879,http://www.wikidata.org/prop/direct/P27,http://www.wikidata.org/entity/Q4816690,Atlantis
http://www.wikidata.org/entity/Q116025879,http://www.wikidata.org/prop/direct/P31,http://www.wikidata.org/entity/Q15773347,film character
http://www.wikidata.org/entity/Q116025879,http://www.wikidata.org/prop/direct/P31,http://www.wikidata.org/entity/Q30147469,fictional hybrid
http://www.wikidata.org/entity/Q116025879,http://www.wikidata.org/prop/direct/P106,http://www.wikidata.org/entity/Q1097498,ruler
http://www.wikidata.org/entity/Q116207431,http://www.wikidata.org/prop/direct/P31,http://www.wikidata.org/entity/Q108117266,fictional facility
http://www.wikidata.org/entity/Q116207455,http://www.wikidata.org/prop/direct/P31,http://www.wikidata.org/entity/Q108117266,fictional facility
http://www.wikidata.org/entity/Q116207510,http://www.wikidata.org/prop/direct/P31,http://www.wikidata.org/entity/Q108117266,fictional facility
http://www.wikidata.org/entity/Q116207587,http://www.wikidata.org/prop/direct/P31,http://www.wikidata.org/entity/Q108117266,fictional facility
http://www.wikidata.org/entity/Q116207612,http://www.wikidata.org/prop/direct/P31,http://www.wikidata.org/entity/Q108117266,fictional facility
http://www.wikidata.org/entity/Q116207649,http://www.wikidata.org/prop/direct/P31,http://www.wikidata.org/entity/Q63960235,fictional mansion
http://www.wikidata.org/entity/Q116207693,http://www.wikidata.org/prop/direct/P31,http://www.wikidata.org/entity/Q65939560,fictional armor
http://www.wikidata.org/entity/Q116207744,http://www.wikidata.org/prop/direct/P31,http://www.wikidata.org/entity/Q65939560,fictional armor
http://www.wikidata.org/entity/Q116207769,http://www.wikidata.org/prop/direct/P31,http://www.wikidata.org/entity/Q65939560,fictional armor
http://www.wikidata.org/entity/Q116207798,http://www.wikidata.org/prop/direct/P31,http://www.wikidata.org/entity/Q65939560,fictional armor
http://www.wikidata.org/entity/Q116207824,http://www.wikidata.org/prop/direct/P31,http://www.wikidata.org/entity/Q15720870,fictional weapon
http://www.wikidata.org/entity/Q116207853,http://www.wikidata.org/prop/direct/P31,http://www.wikidata.org/entity/Q15773347,film character
http://www.wikidata.org/entity/Q116207853,http://www.wikidata.org/prop/direct/P31,http://www.wikidata.org/entity/Q18327510,fictional robot
http://www.wikidata.org/entity/Q116207938,http://www.wikidata.org/prop/direct/P31,http://www.wikidata.org/entity/Q23090938,fictional device
http://www.wikidata.org/entity/Q116207967,http://www.wikidata.org/prop/direct/P31,http://www.wikidata.org/entity/Q15720870,fictional weapon
http://www.wikidata.org/entity/Q116208119,http://www.wikidata.org/prop/direct/P31,http://www.wikidata.org/entity/Q20871196,fictional vehicle
http://www.wikidata.org/entity/Q116208146,http://www.wikidata.org/prop/direct/P31,http://www.wikidata.org/entity/Q15707563,fictional automobile
http://www.wikidata.org/entity/Q116208311,http://www.wikidata.org/prop/direct/P31,http://www.wikidata.org/entity/Q66547481,fictional television network
http://www.wikidata.org/entity/Q116208369,http://www.wikidata.org/prop/direct/P31,http://www.wikidata.org/entity/Q66547481,fictional television network
http://www.wikidata.org/entity/Q116208470,http://www.wikidata.org/prop/direct/P31,http://www.wikidata.org/entity/Q66547481,fictional television network
http://www.wikidata.org/entity/Q116208626,http://www.wikidata.org/prop/direct/P31,http://www.wikidata.org/entity/Q66547481,fictional television network
http://www.wikidata.org/entity/Q116208846,http://www.wikidata.org/prop/direct/P31,http://www.wikidata.org/entity/Q66547481,fictional television network
http://www.wikidata.org/entity/Q116215722,http://www.wikidata.org/prop/direct/P31,http://www.wikidata.org/entity/Q106477391,fictional apartment house
http://www.wikidata.org/entity/Q116215785,http://www.wikidata.org/prop/direct/P31,http://www.wikidata.org/entity/Q3895768,fictional location
http://www.wikidata.org/entity/Q116215803,http://www.wikidata.org/prop/direct/P31,http://www.wikidata.org/entity/Q20751022,fictional house
http://www.wikidata.org/entity/Q116215847,http://www.wikidata.org/prop/direct/P31,http://www.wikidata.org/entity/Q99761203,fictional pizzeria
http://www.wikidata.org/entity/Q116215906,http://www.wikidata.org/prop/direct/P31,http://www.wikidata.org/entity/Q1964689,fictional city
http://www.wikidata.org/entity/Q116215927,http://www.wikidata.org/prop/direct/P31,http://www.wikidata.org/entity/Q62939343,fictional military base
http://www.wikidata.org/entity/Q116216019,http://www.wikidata.org/prop/direct/P31,http://www.wikidata.org/entity/Q16363493,fictional forest
http://www.wikidata.org/entity/Q116216038,http://www.wikidata.org/prop/direct/P31,http://www.wikidata.org/entity/Q62939158,fictional motel
http://www.wikidata.org/entity/Q116216070,http://www.wikidata.org/prop/direct/P31,http://www.wikidata.org/entity/Q89375085,fictional college
http://www.wikidata.org/entity/Q116216121,http://www.wikidata.org/prop/direct/P31,http://www.wikidata.org/entity/Q20751022,fictional house
http://www.wikidata.org/entity/Q116216142,http://www.wikidata.org/prop/direct/P31,http://www.wikidata.org/entity/Q30106090,fictional drinking establishment
http://www.wikidata.org/entity/Q116216161,http://www.wikidata.org/prop/direct/P31,http://www.wikidata.org/entity/Q23090938,fictional device
http://www.wikidata.org/entity/Q116216511,http://www.wikidata.org/prop/direct/P31,http://www.wikidata.org/entity/Q64493576,fictional drink
http://www.wikidata.org/entity/Q116216575,http://www.wikidata.org/prop/direct/P31,http://www.wikidata.org/entity/Q89407511,fictional chemical substance
http://www.wikidata.org/entity/Q116216737,http://www.wikidata.org/prop/direct/P31,http://www.wikidata.org/entity/Q15720870,fictional weapon
http://www.wikidata.org/entity/Q116216769,http://www.wikidata.org/prop/direct/P31,http://www.wikidata.org/entity/Q70253040,fictional rocket launcher
http://www.wikidata.org/entity/Q116216818,http://www.wikidata.org/prop/direct/P31,http://www.wikidata.org/entity/Q74574,fictional book
http://www.wikidata.org/entity/Q116216857,http://www.wikidata.org/prop/direct/P31,http://www.wikidata.org/entity/Q74574,fictional book
http://www.wikidata.org/entity/Q116216921,http://www.wikidata.org/prop/direct/P31,http://www.wikidata.org/entity/Q15720625,fictional dog
http://www.wikidata.org/entity/Q116216921,http://www.wikidata.org/prop/direct/P31,http://www.wikidata.org/entity/Q15773347,film character
http://www.wikidata.org/entity/Q116217056,http://www.wikidata.org/prop/direct/P31,http://www.wikidata.org/entity/Q14136353,fictional occurrence
http://www.wikidata.org/entity/Q116217292,http://www.wikidata.org/prop/direct/P31,http://www.wikidata.org/entity/Q66547481,fictional television network
http://www.wikidata.org/entity/Q116217586,http://www.wikidata.org/prop/direct/P31,http://www.wikidata.org/entity/Q15909505,fictional newspaper
http://www.wikidata.org/entity/Q116217808,http://www.wikidata.org/prop/direct/P31,http://www.wikidata.org/entity/Q14136353,fictional occurrence
http://www.wikidata.org/entity/Q116278718,http://www.wikidata.org/prop/direct/P31,http://www.wikidata.org/entity/Q3895768,fictional location
http://www.wikidata.org/entity/Q116279192,http://www.wikidata.org/prop/direct/P31,http://www.wikidata.org/entity/Q65939560,fictional armor
http://www.wikidata.org/entity/Q116279806,http://www.wikidata.org/prop/direct/P31,http://www.wikidata.org/entity/Q65939560,fictional armor
http://www.wikidata.org/entity/Q116279907,http://www.wikidata.org/prop/direct/P31,http://www.wikidata.org/entity/Q65939560,fictional armor
http://www.wikidata.org/entity/Q116280056,http://www.wikidata.org/prop/direct/P31,http://www.wikidata.org/entity/Q65939560,fictional armor
http://www.wikidata.org/entity/Q116280126,http://www.wikidata.org/prop/direct/P31,http://www.wikidata.org/entity/Q65939560,fictional armor
http://www.wikidata.org/entity/Q116280197,http://www.wikidata.org/prop/direct/P31,http://www.wikidata.org/entity/Q65939560,fictional armor
http://www.wikidata.org/entity/Q116280328,http://www.wikidata.org/prop/direct/P31,http://www.wikidata.org/entity/Q99935529,fictional film
http://www.wikidata.org/entity/Q116280396,http://www.wikidata.org/prop/direct/P31,http://www.wikidata.org/entity/Q23090938,fictional device
http://www.wikidata.org/entity/Q116280508,http://www.wikidata.org/prop/direct/P31,http://www.wikidata.org/entity/Q15706911,fictional object
http://www.wikidata.org/entity/Q116280545,http://www.wikidata.org/prop/direct/P31,http://www.wikidata.org/entity/Q15720870,fictional weapon
http://www.wikidata.org/entity/Q116280678,http://www.wikidata.org/prop/direct/P31,http://www.wikidata.org/entity/Q15720870,fictional weapon
http://www.wikidata.org/entity/Q116280770,http://www.wikidata.org/prop/direct/P31,http://www.wikidata.org/entity/Q15720870,fictional weapon
http://www.wikidata.org/entity/Q116280807,http://www.wikidata.org/prop/direct/P31,http://www.wikidata.org/entity/Q23090938,fictional device
http://www.wikidata.org/entity/Q116280838,http://www.wikidata.org/prop/direct/P31,http://www.wikidata.org/entity/Q15706911,fictional object
http://www.wikidata.org/entity/Q116280895,http://www.wikidata.org/prop/direct/P31,http://www.wikidata.org/entity/Q15720870,fictional weapon
http://www.wikidata.org/entity/Q116280954,http://www.wikidata.org/prop/direct/P31,http://www.wikidata.org/entity/Q89473026,fictional metal
http://www.wikidata.org/entity/Q116281107,http://www.wikidata.org/prop/direct/P31,http://www.wikidata.org/entity/Q15773347,film character
http://www.wikidata.org/entity/Q116281107,http://www.wikidata.org/prop/direct/P31,http://www.wikidata.org/entity/Q15832079,fictional bird
http://www.wikidata.org/entity/Q116281152,http://www.wikidata.org/prop/direct/P31,http://www.wikidata.org/entity/Q63040602,fictional weapons manufacturer
http://www.wikidata.org/entity/Q116281223,http://www.wikidata.org/prop/direct/P31,http://www.wikidata.org/entity/Q14514600,group of fictional characters
http://www.wikidata.org/entity/Q116281271,http://www.wikidata.org/prop/direct/P31,http://www.wikidata.org/entity/Q15909505,fictional newspaper
http://www.wikidata.org/entity/Q116281305,http://www.wikidata.org/prop/direct/P31,http://www.wikidata.org/entity/Q15909505,fictional newspaper
http://www.wikidata.org/entity/Q116281359,http://www.wikidata.org/prop/direct/P31,http://www.wikidata.org/entity/Q15909505,fictional newspaper
http://www.wikidata.org/entity/Q116281397,http://www.wikidata.org/prop/direct/P31,http://www.wikidata.org/entity/Q15909505,fictional newspaper
http://www.wikidata.org/entity/Q116294493,http://www.wikidata.org/prop/direct/P31,http://www.wikidata.org/entity/Q65630486,fictional city-state
http://www.wikidata.org/entity/Q116294729,http://www.wikidata.org/prop/direct/P31,http://www.wikidata.org/entity/Q96343424,fictional laboratory
http://www.wikidata.org/entity/Q116294759,http://www.wikidata.org/prop/direct/P31,http://www.wikidata.org/entity/Q60875460,fictional diner
http://www.wikidata.org/entity/Q116295067,http://www.wikidata.org/prop/direct/P31,http://www.wikidata.org/entity/Q15709963,fictional hospital
http://www.wikidata.org/entity/Q116295124,http://www.wikidata.org/prop/direct/P31,http://www.wikidata.org/entity/Q111535061,fictional store
http://www.wikidata.org/entity/Q116295236,http://www.wikidata.org/prop/direct/P31,http://www.wikidata.org/entity/Q108117266,fictional facility
http://www.wikidata.org/entity/Q116295317,http://www.wikidata.org/prop/direct/P31,http://www.wikidata.org/entity/Q3895768,fictional location
http://www.wikidata.org/entity/Q116295398,http://www.wikidata.org/prop/direct/P31,http://www.wikidata.org/entity/Q3895768,fictional location
http://www.wikidata.org/entity/Q116295569,http://www.wikidata.org/prop/direct/P31,http://www.wikidata.org/entity/Q16705798,fictional bridge
http://www.wikidata.org/entity/Q116295832,http://www.wikidata.org/prop/direct/P31,http://www.wikidata.org/entity/Q65939560,fictional armor
http://www.wikidata.org/entity/Q116295948,http://www.wikidata.org/prop/direct/P31,http://www.wikidata.org/entity/Q15720870,fictional weapon
http://www.wikidata.org/entity/Q116296434,http://www.wikidata.org/prop/direct/P31,http://www.wikidata.org/entity/Q15706911,fictional object
http://www.wikidata.org/entity/Q116296496,http://www.wikidata.org/prop/direct/P31,http://www.wikidata.org/entity/Q15706911,fictional object
http://www.wikidata.org/entity/Q116296539,http://www.wikidata.org/prop/direct/P31,http://www.wikidata.org/entity/Q15706911,fictional object
http://www.wikidata.org/entity/Q116296633,http://www.wikidata.org/prop/direct/P31,http://www.wikidata.org/entity/Q15720870,fictional weapon
http://www.wikidata.org/entity/Q116296740,http://www.wikidata.org/prop/direct/P31,http://www.wikidata.org/entity/Q15720870,fictional weapon
http://www.wikidata.org/entity/Q116296844,http://www.wikidata.org/prop/direct/P31,http://www.wikidata.org/entity/Q15720870,fictional weapon
http://www.wikidata.org/entity/Q116296953,http://www.wikidata.org/prop/direct/P31,http://www.wikidata.org/entity/Q15720870,fictional weapon
http://www.wikidata.org/entity/Q116297188,http://www.wikidata.org/prop/direct/P31,http://www.wikidata.org/entity/Q15720870,fictional weapon
http://www.wikidata.org/entity/Q116297518,http://www.wikidata.org/prop/direct/P31,http://www.wikidata.org/entity/Q15706911,fictional object
http://www.wikidata.org/entity/Q116297615,http://www.wikidata.org/prop/direct/P31,http://www.wikidata.org/entity/Q74574,fictional book
http://www.wikidata.org/entity/Q116297828,http://www.wikidata.org/prop/direct/P31,http://www.wikidata.org/entity/Q21192438,fictional species
http://www.wikidata.org/entity/Q116298446,http://www.wikidata.org/prop/direct/P31,http://www.wikidata.org/entity/Q2593744,fictional creature
http://www.wikidata.org/entity/Q116298446,http://www.wikidata.org/prop/direct/P31,http://www.wikidata.org/entity/Q15773317,television character
http://www.wikidata.org/entity/Q116298446,http://www.wikidata.org/prop/direct/P31,http://www.wikidata.org/entity/Q15773347,film character
http://www.wikidata.org/entity/Q116298548,http://www.wikidata.org/prop/direct/P31,http://www.wikidata.org/entity/Q2593744,fictional creature
http://www.wikidata.org/entity/Q116298548,http://www.wikidata.org/prop/direct/P31,http://www.wikidata.org/entity/Q15773347,film character
http://www.wikidata.org/entity/Q116298865,http://www.wikidata.org/prop/direct/P31,http://www.wikidata.org/entity/Q14136353,fictional occurrence
http://www.wikidata.org/entity/Q116458473,http://www.wikidata.org/prop/direct/P31,http://www.wikidata.org/entity/Q3895768,fictional location
http://www.wikidata.org/entity/Q116458482,http://www.wikidata.org/prop/direct/P31,http://www.wikidata.org/entity/Q108117266,fictional facility
http://www.wikidata.org/entity/Q116458536,http://www.wikidata.org/prop/direct/P31,http://www.wikidata.org/entity/Q106921111,fictional town
http://www.wikidata.org/entity/Q116458569,http://www.wikidata.org/prop/direct/P31,http://www.wikidata.org/entity/Q62939343,fictional military base
http://www.wikidata.org/entity/Q116458582,http://www.wikidata.org/prop/direct/P31,http://www.wikidata.org/entity/Q62939343,fictional military base
http://www.wikidata.org/entity/Q116458613,http://www.wikidata.org/prop/direct/P31,http://www.wikidata.org/entity/Q108117266,fictional facility
http://www.wikidata.org/entity/Q116458652,http://www.wikidata.org/prop/direct/P31,http://www.wikidata.org/entity/Q108117266,fictional facility
http://www.wikidata.org/entity/Q116458685,http://www.wikidata.org/prop/direct/P31,http://www.wikidata.org/entity/Q30106090,fictional drinking establishment
http://www.wikidata.org/entity/Q116458714,http://www.wikidata.org/prop/direct/P31,http://www.wikidata.org/entity/Q15707521,fictional battle
http://www.wikidata.org/entity/Q116459697,http://www.wikidata.org/prop/direct/P31,http://www.wikidata.org/entity/Q99771699,fictional suit
http://www.wikidata.org/entity/Q116459803,http://www.wikidata.org/prop/direct/P31,http://www.wikidata.org/entity/Q15706911,fictional object
http://www.wikidata.org/entity/Q116459832,http://www.wikidata.org/prop/direct/P31,http://www.wikidata.org/entity/Q15706911,fictional object
http://www.wikidata.org/entity/Q116459867,http://www.wikidata.org/prop/direct/P31,http://www.wikidata.org/entity/Q15706911,fictional object
http://www.wikidata.org/entity/Q116459911,http://www.wikidata.org/prop/direct/P31,http://www.wikidata.org/entity/Q23090938,fictional device
http://www.wikidata.org/entity/Q116459938,http://www.wikidata.org/prop/direct/P31,http://www.wikidata.org/entity/Q112822110,fictional group of objects
http://www.wikidata.org/entity/Q116459960,http://www.wikidata.org/prop/direct/P31,http://www.wikidata.org/entity/Q15720870,fictional weapon
http://www.wikidata.org/entity/Q116459979,http://www.wikidata.org/prop/direct/P31,http://www.wikidata.org/entity/Q15720870,fictional weapon
http://www.wikidata.org/entity/Q116460015,http://www.wikidata.org/prop/direct/P31,http://www.wikidata.org/entity/Q15720870,fictional weapon
http://www.wikidata.org/entity/Q116460033,http://www.wikidata.org/prop/direct/P31,http://www.wikidata.org/entity/Q15720870,fictional weapon
http://www.wikidata.org/entity/Q116460048,http://www.wikidata.org/prop/direct/P31,http://www.wikidata.org/entity/Q15720870,fictional weapon
http://www.wikidata.org/entity/Q116460065,http://www.wikidata.org/prop/direct/P31,http://www.wikidata.org/entity/Q15706911,fictional object
http://www.wikidata.org/entity/Q116460082,http://www.wikidata.org/prop/direct/P31,http://www.wikidata.org/entity/Q15720870,fictional weapon
http://www.wikidata.org/entity/Q116460089,http://www.wikidata.org/prop/direct/P31,http://www.wikidata.org/entity/Q15706911,fictional object
http://www.wikidata.org/entity/Q116460101,http://www.wikidata.org/prop/direct/P31,http://www.wikidata.org/entity/Q15720870,fictional weapon
http://www.wikidata.org/entity/Q116460112,http://www.wikidata.org/prop/direct/P31,http://www.wikidata.org/entity/Q15706911,fictional object
http://www.wikidata.org/entity/Q116460141,http://www.wikidata.org/prop/direct/P31,http://www.wikidata.org/entity/Q14136353,fictional occurrence
http://www.wikidata.org/entity/Q116460157,http://www.wikidata.org/prop/direct/P31,http://www.wikidata.org/entity/Q60668879,fictional motorcycle
http://www.wikidata.org/entity/Q116460171,http://www.wikidata.org/prop/direct/P31,http://www.wikidata.org/entity/Q15707563,fictional automobile
http://www.wikidata.org/entity/Q116460183,http://www.wikidata.org/prop/direct/P31,http://www.wikidata.org/entity/Q27104510,fictional train
http://www.wikidata.org/entity/Q116460270,http://www.wikidata.org/prop/direct/P31,http://www.wikidata.org/entity/Q20871196,fictional vehicle
http://www.wikidata.org/entity/Q116460281,http://www.wikidata.org/prop/direct/P31,http://www.wikidata.org/entity/Q20871196,fictional vehicle
http://www.wikidata.org/entity/Q116460292,http://www.wikidata.org/prop/direct/P31,http://www.wikidata.org/entity/Q20871196,fictional vehicle
http://www.wikidata.org/entity/Q116460298,http://www.wikidata.org/prop/direct/P31,http://www.wikidata.org/entity/Q60668879,fictional motorcycle
http://www.wikidata.org/entity/Q116460457,http://www.wikidata.org/prop/direct/P31,http://www.wikidata.org/entity/Q60618803,fictional truck
http://www.wikidata.org/entity/Q116460599,http://www.wikidata.org/prop/direct/P31,http://www.wikidata.org/entity/Q18697071,fictional submarine
http://www.wikidata.org/entity/Q116460786,http://www.wikidata.org/prop/direct/P31,http://www.wikidata.org/entity/Q20871196,fictional vehicle
http://www.wikidata.org/entity/Q116461322,http://www.wikidata.org/prop/direct/P31,http://www.wikidata.org/entity/Q20871196,fictional vehicle
http://www.wikidata.org/entity/Q116461571,http://www.wikidata.org/prop/direct/P31,http://www.wikidata.org/entity/Q5446565,fictional company
http://www.wikidata.org/entity/Q116461762,http://www.wikidata.org/prop/direct/P31,http://www.wikidata.org/entity/Q14623646,fictional organization
http://www.wikidata.org/entity/Q116462067,http://www.wikidata.org/prop/direct/P31,http://www.wikidata.org/entity/Q14136353,fictional occurrence
http://www.wikidata.org/entity/Q116462283,http://www.wikidata.org/prop/direct/P31,http://www.wikidata.org/entity/Q5446565,fictional company
http://www.wikidata.org/entity/Q116462294,http://www.wikidata.org/prop/direct/P31,http://www.wikidata.org/entity/Q15909505,fictional newspaper
http://www.wikidata.org/entity/Q116462338,http://www.wikidata.org/prop/direct/P31,http://www.wikidata.org/entity/Q15909505,fictional newspaper
http://www.wikidata.org/entity/Q116476742,http://www.wikidata.org/prop/direct/P31,http://www.wikidata.org/entity/Q17480908,fictional asteroid belt
http://www.wikidata.org/entity/Q116476870,http://www.wikidata.org/prop/direct/P31,http://www.wikidata.org/entity/Q15720793,fictional building
http://www.wikidata.org/entity/Q116476893,http://www.wikidata.org/prop/direct/P31,http://www.wikidata.org/entity/Q18814068,fictional restaurant
http://www.wikidata.org/entity/Q116477026,http://www.wikidata.org/prop/direct/P31,http://www.wikidata.org/entity/Q108117266,fictional facility
http://www.wikidata.org/entity/Q116477056,http://www.wikidata.org/prop/direct/P31,http://www.wikidata.org/entity/Q15720793,fictional building
http://www.wikidata.org/entity/Q116477184,http://www.wikidata.org/prop/direct/P31,http://www.wikidata.org/entity/Q15706911,fictional object
http://www.wikidata.org/entity/Q116477330,http://www.wikidata.org/prop/direct/P31,http://www.wikidata.org/entity/Q65939560,fictional armor
http://www.wikidata.org/entity/Q116477580,http://www.wikidata.org/prop/direct/P31,http://www.wikidata.org/entity/Q15720870,fictional weapon
http://www.wikidata.org/entity/Q116477589,http://www.wikidata.org/prop/direct/P31,http://www.wikidata.org/entity/Q15720870,fictional weapon
http://www.wikidata.org/entity/Q116477698,http://www.wikidata.org/prop/direct/P31,http://www.wikidata.org/entity/Q15720870,fictional weapon
http://www.wikidata.org/entity/Q116477759,http://www.wikidata.org/prop/direct/P31,http://www.wikidata.org/entity/Q15706911,fictional object
http://www.wikidata.org/entity/Q116477823,http://www.wikidata.org/prop/direct/P31,http://www.wikidata.org/entity/Q15720870,fictional weapon
http://www.wikidata.org/entity/Q116477895,http://www.wikidata.org/prop/direct/P31,http://www.wikidata.org/entity/Q15720870,fictional weapon
http://www.wikidata.org/entity/Q116477939,http://www.wikidata.org/prop/direct/P31,http://www.wikidata.org/entity/Q15720870,fictional weapon
http://www.wikidata.org/entity/Q116477978,http://www.wikidata.org/prop/direct/P31,http://www.wikidata.org/entity/Q15706911,fictional object
http://www.wikidata.org/entity/Q116478025,http://www.wikidata.org/prop/direct/P31,http://www.wikidata.org/entity/Q23090938,fictional device
http://www.wikidata.org/entity/Q116478044,http://www.wikidata.org/prop/direct/P31,http://www.wikidata.org/entity/Q15706911,fictional object
http://www.wikidata.org/entity/Q116478104,http://www.wikidata.org/prop/direct/P31,http://www.wikidata.org/entity/Q15706911,fictional object
http://www.wikidata.org/entity/Q116478141,http://www.wikidata.org/prop/direct/P31,http://www.wikidata.org/entity/Q15706911,fictional object
http://www.wikidata.org/entity/Q116478220,http://www.wikidata.org/prop/direct/P31,http://www.wikidata.org/entity/Q17682891,fictional prison
http://www.wikidata.org/entity/Q116478260,http://www.wikidata.org/prop/direct/P31,http://www.wikidata.org/entity/Q60618871,fictional SUV
http://www.wikidata.org/entity/Q116478319,http://www.wikidata.org/prop/direct/P31,http://www.wikidata.org/entity/Q60667167,fictional helicopter
http://www.wikidata.org/entity/Q116478498,http://www.wikidata.org/prop/direct/P31,http://www.wikidata.org/entity/Q20871196,fictional vehicle
http://www.wikidata.org/entity/Q116478572,http://www.wikidata.org/prop/direct/P31,http://www.wikidata.org/entity/Q14637321,fictional spacecraft
http://www.wikidata.org/entity/Q116478599,http://www.wikidata.org/prop/direct/P31,http://www.wikidata.org/entity/Q15707563,fictional automobile
http://www.wikidata.org/entity/Q116478695,http://www.wikidata.org/prop/direct/P31,http://www.wikidata.org/entity/Q2593744,fictional creature
http://www.wikidata.org/entity/Q116478695,http://www.wikidata.org/prop/direct/P31,http://www.wikidata.org/entity/Q15773317,television character
http://www.wikidata.org/entity/Q116478695,http://www.wikidata.org/prop/direct/P31,http://www.wikidata.org/entity/Q15773347,film character
http://www.wikidata.org/entity/Q116478785,http://www.wikidata.org/prop/direct/P31,http://www.wikidata.org/entity/Q14136353,fictional occurrence
http://www.wikidata.org/entity/Q116478803,http://www.wikidata.org/prop/direct/P31,http://www.wikidata.org/entity/Q14514600,group of fictional characters
http://www.wikidata.org/entity/Q116478860,http://www.wikidata.org/prop/direct/P31,http://www.wikidata.org/entity/Q14623646,fictional organization
http://www.wikidata.org/entity/Q116478896,http://www.wikidata.org/prop/direct/P31,http://www.wikidata.org/entity/Q66547481,fictional television network
http://www.wikidata.org/entity/Q116478939,http://www.wikidata.org/prop/direct/P31,http://www.wikidata.org/entity/Q66547481,fictional television network
http://www.wikidata.org/entity/Q116478957,http://www.wikidata.org/prop/direct/P31,http://www.wikidata.org/entity/Q66547481,fictional television network
http://www.wikidata.org/entity/Q116478978,http://www.wikidata.org/prop/direct/P31,http://www.wikidata.org/entity/Q66547481,fictional television network
http://www.wikidata.org/entity/Q116478994,http://www.wikidata.org/prop/direct/P31,http://www.wikidata.org/entity/Q66547481,fictional television network
http://www.wikidata.org/entity/Q116818123,http://www.wikidata.org/prop/direct/P31,http://www.wikidata.org/entity/Q60479060,fictional television station
http://www.wikidata.org/entity/Q116818251,http://www.wikidata.org/prop/direct/P31,http://www.wikidata.org/entity/Q1145276,fictional country
http://www.wikidata.org/entity/Q116818285,http://www.wikidata.org/prop/direct/P31,http://www.wikidata.org/entity/Q15709963,fictional hospital
http://www.wikidata.org/entity/Q116818301,http://www.wikidata.org/prop/direct/P31,http://www.wikidata.org/entity/Q1964689,fictional city
http://www.wikidata.org/entity/Q116818325,http://www.wikidata.org/prop/direct/P31,http://www.wikidata.org/entity/Q18814068,fictional restaurant
http://www.wikidata.org/entity/Q116818342,http://www.wikidata.org/prop/direct/P31,http://www.wikidata.org/entity/Q82551938,fictional apartment
http://www.wikidata.org/entity/Q116818362,http://www.wikidata.org/prop/direct/P31,http://www.wikidata.org/entity/Q15720793,fictional building
http://www.wikidata.org/entity/Q116818380,http://www.wikidata.org/prop/direct/P31,http://www.wikidata.org/entity/Q63960235,fictional mansion
http://www.wikidata.org/entity/Q116818846,http://www.wikidata.org/prop/direct/P31,http://www.wikidata.org/entity/Q65939560,fictional armor
http://www.wikidata.org/entity/Q116818860,http://www.wikidata.org/prop/direct/P31,http://www.wikidata.org/entity/Q65939560,fictional armor
http://www.wikidata.org/entity/Q116818876,http://www.wikidata.org/prop/direct/P31,http://www.wikidata.org/entity/Q65939560,fictional armor
http://www.wikidata.org/entity/Q116818939,http://www.wikidata.org/prop/direct/P31,http://www.wikidata.org/entity/Q65939560,fictional armor
http://www.wikidata.org/entity/Q116819108,http://www.wikidata.org/prop/direct/P31,http://www.wikidata.org/entity/Q65939560,fictional armor
http://www.wikidata.org/entity/Q116819115,http://www.wikidata.org/prop/direct/P31,http://www.wikidata.org/entity/Q65939560,fictional armor
http://www.wikidata.org/entity/Q116819124,http://www.wikidata.org/prop/direct/P31,http://www.wikidata.org/entity/Q65939560,fictional armor
http://www.wikidata.org/entity/Q116819138,http://www.wikidata.org/prop/direct/P31,http://www.wikidata.org/entity/Q65939560,fictional armor
http://www.wikidata.org/entity/Q116819150,http://www.wikidata.org/prop/direct/P31,http://www.wikidata.org/entity/Q65939560,fictional armor
http://www.wikidata.org/entity/Q116819171,http://www.wikidata.org/prop/direct/P31,http://www.wikidata.org/entity/Q65939560,fictional armor
http://www.wikidata.org/entity/Q116819189,http://www.wikidata.org/prop/direct/P31,http://www.wikidata.org/entity/Q65939560,fictional armor
http://www.wikidata.org/entity/Q116819220,http://www.wikidata.org/prop/direct/P31,http://www.wikidata.org/entity/Q65939560,fictional armor
http://www.wikidata.org/entity/Q116819247,http://www.wikidata.org/prop/direct/P31,http://www.wikidata.org/entity/Q65939560,fictional armor
http://www.wikidata.org/entity/Q116819262,http://www.wikidata.org/prop/direct/P31,http://www.wikidata.org/entity/Q65939560,fictional armor
http://www.wikidata.org/entity/Q116856277,http://www.wikidata.org/prop/direct/P31,http://www.wikidata.org/entity/Q23090938,fictional device
http://www.wikidata.org/entity/Q116856289,http://www.wikidata.org/prop/direct/P31,http://www.wikidata.org/entity/Q65939560,fictional armor
http://www.wikidata.org/entity/Q116856568,http://www.wikidata.org/prop/direct/P31,http://www.wikidata.org/entity/Q14514600,group of fictional characters
http://www.wikidata.org/entity/Q117036032,http://www.wikidata.org/prop/direct/P31,http://www.wikidata.org/entity/Q28555642,fictional musical
http://www.wikidata.org/entity/Q117036032,http://www.wikidata.org/prop/direct/P31,http://www.wikidata.org/entity/Q85475422,amusement park show
http://www.wikidata.org/entity/Q118344903,http://www.wikidata.org/prop/direct/P31,http://www.wikidata.org/entity/Q20871196,fictional vehicle
http://www.wikidata.org/entity/Q120907144,http://www.wikidata.org/prop/direct/P31,http://www.wikidata.org/entity/Q17682891,fictional prison
http://www.wikidata.org/entity/Q121381059,http://www.wikidata.org/prop/direct/P31,http://www.wikidata.org/entity/Q15707521,fictional battle
http://www.wikidata.org/entity/Q122389588,http://www.wikidata.org/prop/direct/P31,http://www.wikidata.org/entity/Q60875215,fictional café
http://www.wikidata.org/entity/Q122389608,http://www.wikidata.org/prop/direct/P31,http://www.wikidata.org/entity/Q63959562,fictional police station
http://www.wikidata.org/entity/Q122418265,http://www.wikidata.org/prop/direct/P31,http://www.wikidata.org/entity/Q63959562,fictional police station
http://www.wikidata.org/entity/Q122443368,http://www.wikidata.org/prop/direct/P31,http://www.wikidata.org/entity/Q18814068,fictional restaurant
http://www.wikidata.org/entity/Q122443783,http://www.wikidata.org/prop/direct/P31,http://www.wikidata.org/entity/Q15709963,fictional hospital
http://www.wikidata.org/entity/Q122443824,http://www.wikidata.org/prop/direct/P31,http://www.wikidata.org/entity/Q2775969,fictional planet
http://www.wikidata.org/entity/Q122443888,http://www.wikidata.org/prop/direct/P31,http://www.wikidata.org/entity/Q111535061,fictional store
http://www.wikidata.org/entity/Q122444030,http://www.wikidata.org/prop/direct/P31,http://www.wikidata.org/entity/Q15720793,fictional building
http://www.wikidata.org/entity/Q122444270,http://www.wikidata.org/prop/direct/P31,http://www.wikidata.org/entity/Q15720793,fictional building
http://www.wikidata.org/entity/Q122444464,http://www.wikidata.org/prop/direct/P31,http://www.wikidata.org/entity/Q3895768,fictional location
http://www.wikidata.org/entity/Q122444810,http://www.wikidata.org/prop/direct/P31,http://www.wikidata.org/entity/Q100706037,fictional dimension
http://www.wikidata.org/entity/Q122445037,http://www.wikidata.org/prop/direct/P31,http://www.wikidata.org/entity/Q15720793,fictional building
http://www.wikidata.org/entity/Q122445274,http://www.wikidata.org/prop/direct/P31,http://www.wikidata.org/entity/Q112117312,fictional settlement
http://www.wikidata.org/entity/Q122445399,http://www.wikidata.org/prop/direct/P31,http://www.wikidata.org/entity/Q20751022,fictional house
http://www.wikidata.org/entity/Q122445538,http://www.wikidata.org/prop/direct/P31,http://www.wikidata.org/entity/Q30106090,fictional drinking establishment
http://www.wikidata.org/entity/Q122445717,http://www.wikidata.org/prop/direct/P31,http://www.wikidata.org/entity/Q2775969,fictional planet
http://www.wikidata.org/entity/Q122445929,http://www.wikidata.org/prop/direct/P31,http://www.wikidata.org/entity/Q65153307,fictional high or secondary school
http://www.wikidata.org/entity/Q122445947,http://www.wikidata.org/prop/direct/P31,http://www.wikidata.org/entity/Q60875352,fictional residence
http://www.wikidata.org/entity/Q122445979,http://www.wikidata.org/prop/direct/P31,http://www.wikidata.org/entity/Q3895768,fictional location
http://www.wikidata.org/entity/Q122446009,http://www.wikidata.org/prop/direct/P31,http://www.wikidata.org/entity/Q100706037,fictional dimension
http://www.wikidata.org/entity/Q122446022,http://www.wikidata.org/prop/direct/P31,http://www.wikidata.org/entity/Q16338046,fictional river
http://www.wikidata.org/entity/Q122446067,http://www.wikidata.org/prop/direct/P31,http://www.wikidata.org/entity/Q20751022,fictional house
http://www.wikidata.org/entity/Q122446080,http://www.wikidata.org/prop/direct/P31,http://www.wikidata.org/entity/Q82551957,fictional village
http://www.wikidata.org/entity/Q122446094,http://www.wikidata.org/prop/direct/P31,http://www.wikidata.org/entity/Q82551938,fictional apartment
http://www.wikidata.org/entity/Q122446120,http://www.wikidata.org/prop/direct/P31,http://www.wikidata.org/entity/Q60875352,fictional residence
http://www.wikidata.org/entity/Q122446140,http://www.wikidata.org/prop/direct/P31,http://www.wikidata.org/entity/Q82551938,fictional apartment
http://www.wikidata.org/entity/Q122446158,http://www.wikidata.org/prop/direct/P31,http://www.wikidata.org/entity/Q3895768,fictional location
http://www.wikidata.org/entity/Q122446178,http://www.wikidata.org/prop/direct/P31,http://www.wikidata.org/entity/Q108117266,fictional facility
http://www.wikidata.org/entity/Q122446267,http://www.wikidata.org/prop/direct/P31,http://www.wikidata.org/entity/Q3895768,fictional location
http://www.wikidata.org/entity/Q122446289,http://www.wikidata.org/prop/direct/P31,http://www.wikidata.org/entity/Q108117266,fictional facility
http://www.wikidata.org/entity/Q122446305,http://www.wikidata.org/prop/direct/P31,http://www.wikidata.org/entity/Q1045481,filming location
http://www.wikidata.org/entity/Q122446305,http://www.wikidata.org/prop/direct/P31,http://www.wikidata.org/entity/Q1295201,grocery store
http://www.wikidata.org/entity/Q122446467,http://www.wikidata.org/prop/direct/P31,http://www.wikidata.org/entity/Q106921111,fictional town
http://www.wikidata.org/entity/Q122446502,http://www.wikidata.org/prop/direct/P31,http://www.wikidata.org/entity/Q82551938,fictional apartment
http://www.wikidata.org/entity/Q122446516,http://www.wikidata.org/prop/direct/P31,http://www.wikidata.org/entity/Q82551938,fictional apartment
http://www.wikidata.org/entity/Q122446534,http://www.wikidata.org/prop/direct/P31,http://www.wikidata.org/entity/Q2775969,fictional planet
http://www.wikidata.org/entity/Q122446556,http://www.wikidata.org/prop/direct/P31,http://www.wikidata.org/entity/Q3895768,fictional location
http://www.wikidata.org/entity/Q122446567,http://www.wikidata.org/prop/direct/P31,http://www.wikidata.org/entity/Q107538843,fictional research facility
http://www.wikidata.org/entity/Q122446585,http://www.wikidata.org/prop/direct/P31,http://www.wikidata.org/entity/Q21501360,fictional club
http://www.wikidata.org/entity/Q122446617,http://www.wikidata.org/prop/direct/P31,http://www.wikidata.org/entity/Q20751022,fictional house
http://www.wikidata.org/entity/Q122446728,http://www.wikidata.org/prop/direct/P31,http://www.wikidata.org/entity/Q20871196,fictional vehicle
http://www.wikidata.org/entity/Q122446954,http://www.wikidata.org/prop/direct/P31,http://www.wikidata.org/entity/Q3895768,fictional location
http://www.wikidata.org/entity/Q122447284,http://www.wikidata.org/prop/direct/P31,http://www.wikidata.org/entity/Q106511462,fictional play
http://www.wikidata.org/entity/Q122447921,http://www.wikidata.org/prop/direct/P31,http://www.wikidata.org/entity/Q108117266,fictional facility
http://www.wikidata.org/entity/Q122448329,http://www.wikidata.org/prop/direct/P31,http://www.wikidata.org/entity/Q108117266,fictional facility
http://www.wikidata.org/entity/Q122448832,http://www.wikidata.org/prop/direct/P31,http://www.wikidata.org/entity/Q65153307,fictional high or secondary school
http://www.wikidata.org/entity/Q122449186,http://www.wikidata.org/prop/direct/P31,http://www.wikidata.org/entity/Q3895768,fictional location
http://www.wikidata.org/entity/Q122449359,http://www.wikidata.org/prop/direct/P31,http://www.wikidata.org/entity/Q15720793,fictional building
http://www.wikidata.org/entity/Q122449554,http://www.wikidata.org/prop/direct/P31,http://www.wikidata.org/entity/Q15720793,fictional building
http://www.wikidata.org/entity/Q122449889,http://www.wikidata.org/prop/direct/P31,http://www.wikidata.org/entity/Q15720793,fictional building
http://www.wikidata.org/entity/Q122450339,http://www.wikidata.org/prop/direct/P31,http://www.wikidata.org/entity/Q1964689,fictional city
http://www.wikidata.org/entity/Q122538749,http://www.wikidata.org/prop/direct/P31,http://www.wikidata.org/entity/Q108117266,fictional facility
http://www.wikidata.org/entity/Q122538792,http://www.wikidata.org/prop/direct/P31,http://www.wikidata.org/entity/Q63959562,fictional police station
http://www.wikidata.org/entity/Q122538968,http://www.wikidata.org/prop/direct/P31,http://www.wikidata.org/entity/Q108117266,fictional facility
http://www.wikidata.org/entity/Q122539367,http://www.wikidata.org/prop/direct/P31,http://www.wikidata.org/entity/Q60875352,fictional residence
http://www.wikidata.org/entity/Q122539662,http://www.wikidata.org/prop/direct/P31,http://www.wikidata.org/entity/Q82551938,fictional apartment
http://www.wikidata.org/entity/Q122539900,http://www.wikidata.org/prop/direct/P31,http://www.wikidata.org/entity/Q3895768,fictional location
http://www.wikidata.org/entity/Q122540160,http://www.wikidata.org/prop/direct/P31,http://www.wikidata.org/entity/Q106921111,fictional town
http://www.wikidata.org/entity/Q122541010,http://www.wikidata.org/prop/direct/P31,http://www.wikidata.org/entity/Q3895768,fictional location
http://www.wikidata.org/entity/Q122545985,http://www.wikidata.org/prop/direct/P31,http://www.wikidata.org/entity/Q3895768,fictional location
http://www.wikidata.org/entity/Q122546363,http://www.wikidata.org/prop/direct/P31,http://www.wikidata.org/entity/Q108117266,fictional facility
http://www.wikidata.org/entity/Q122546604,http://www.wikidata.org/prop/direct/P31,http://www.wikidata.org/entity/Q3895768,fictional location
http://www.wikidata.org/entity/Q122547067,http://www.wikidata.org/prop/direct/P31,http://www.wikidata.org/entity/Q82551938,fictional apartment
http://www.wikidata.org/entity/Q122547467,http://www.wikidata.org/prop/direct/P31,http://www.wikidata.org/entity/Q82551938,fictional apartment
http://www.wikidata.org/entity/Q122547522,http://www.wikidata.org/prop/direct/P31,http://www.wikidata.org/entity/Q2775969,fictional planet
http://www.wikidata.org/entity/Q122594916,http://www.wikidata.org/prop/direct/P31,http://www.wikidata.org/entity/Q3895768,fictional location
http://www.wikidata.org/entity/Q122595131,http://www.wikidata.org/prop/direct/P31,http://www.wikidata.org/entity/Q3895768,fictional location
http://www.wikidata.org/entity/Q122595399,http://www.wikidata.org/prop/direct/P31,http://www.wikidata.org/entity/Q3895768,fictional location
http://www.wikidata.org/entity/Q122595669,http://www.wikidata.org/prop/direct/P31,http://www.wikidata.org/entity/Q111535061,fictional store
http://www.wikidata.org/entity/Q122595857,http://www.wikidata.org/prop/direct/P31,http://www.wikidata.org/entity/Q2775969,fictional planet
http://www.wikidata.org/entity/Q122596064,http://www.wikidata.org/prop/direct/P31,http://www.wikidata.org/entity/Q15709963,fictional hospital
http://www.wikidata.org/entity/Q122596317,http://www.wikidata.org/prop/direct/P31,http://www.wikidata.org/entity/Q108117266,fictional facility
http://www.wikidata.org/entity/Q122596505,http://www.wikidata.org/prop/direct/P31,http://www.wikidata.org/entity/Q108117266,fictional facility
http://www.wikidata.org/entity/Q122596735,http://www.wikidata.org/prop/direct/P31,http://www.wikidata.org/entity/Q108117266,fictional facility
http://www.wikidata.org/entity/Q122596957,http://www.wikidata.org/prop/direct/P31,http://www.wikidata.org/entity/Q15709963,fictional hospital
http://www.wikidata.org/entity/Q122597354,http://www.wikidata.org/prop/direct/P31,http://www.wikidata.org/entity/Q111535061,fictional store
http://www.wikidata.org/entity/Q122597650,http://www.wikidata.org/prop/direct/P31,http://www.wikidata.org/entity/Q19826142,fictional shop
http://www.wikidata.org/entity/Q122597958,http://www.wikidata.org/prop/direct/P31,http://www.wikidata.org/entity/Q88675052,fictional palace
http://www.wikidata.org/entity/Q122598374,http://www.wikidata.org/prop/direct/P31,http://www.wikidata.org/entity/Q60875352,fictional residence
http://www.wikidata.org/entity/Q122598840,http://www.wikidata.org/prop/direct/P31,http://www.wikidata.org/entity/Q3895768,fictional location
http://www.wikidata.org/entity/Q122599113,http://www.wikidata.org/prop/direct/P31,http://www.wikidata.org/entity/Q82551938,fictional apartment
http://www.wikidata.org/entity/Q122599140,http://www.wikidata.org/prop/direct/P31,http://www.wikidata.org/entity/Q3895768,fictional location
http://www.wikidata.org/entity/Q122599152,http://www.wikidata.org/prop/direct/P31,http://www.wikidata.org/entity/Q3895768,fictional location
http://www.wikidata.org/entity/Q122599228,http://www.wikidata.org/prop/direct/P31,http://www.wikidata.org/entity/Q63341869,fictional farmhouse
http://www.wikidata.org/entity/Q122599287,http://www.wikidata.org/prop/direct/P31,http://www.wikidata.org/entity/Q58825140,fictional church
http://www.wikidata.org/entity/Q122599322,http://www.wikidata.org/prop/direct/P31,http://www.wikidata.org/entity/Q3895768,fictional location
http://www.wikidata.org/entity/Q122599381,http://www.wikidata.org/prop/direct/P31,http://www.wikidata.org/entity/Q21501360,fictional club
http://www.wikidata.org/entity/Q122599468,http://www.wikidata.org/prop/direct/P31,http://www.wikidata.org/entity/Q3895768,fictional location
http://www.wikidata.org/entity/Q122599559,http://www.wikidata.org/prop/direct/P31,http://www.wikidata.org/entity/Q108117266,fictional facility
http://www.wikidata.org/entity/Q122599686,http://www.wikidata.org/prop/direct/P31,http://www.wikidata.org/entity/Q111547268,fictional group of locations
http://www.wikidata.org/entity/Q122599738,http://www.wikidata.org/prop/direct/P31,http://www.wikidata.org/entity/Q82551938,fictional apartment
http://www.wikidata.org/entity/Q122599757,http://www.wikidata.org/prop/direct/P31,http://www.wikidata.org/entity/Q65153307,fictional high or secondary school
http://www.wikidata.org/entity/Q122599778,http://www.wikidata.org/prop/direct/P31,http://www.wikidata.org/entity/Q82551938,fictional apartment
http://www.wikidata.org/entity/Q122599800,http://www.wikidata.org/prop/direct/P31,http://www.wikidata.org/entity/Q63959562,fictional police station
http://www.wikidata.org/entity/Q122599834,http://www.wikidata.org/prop/direct/P31,http://www.wikidata.org/entity/Q108117266,fictional facility
http://www.wikidata.org/entity/Q122599908,http://www.wikidata.org/prop/direct/P31,http://www.wikidata.org/entity/Q100706037,fictional dimension
http://www.wikidata.org/entity/Q122599966,http://www.wikidata.org/prop/direct/P31,http://www.wikidata.org/entity/Q108117266,fictional facility
http://www.wikidata.org/entity/Q122600253,http://www.wikidata.org/prop/direct/P31,http://www.wikidata.org/entity/Q2775969,fictional planet
http://www.wikidata.org/entity/Q122600591,http://www.wikidata.org/prop/direct/P31,http://www.wikidata.org/entity/Q100256453,fictional cinema
http://www.wikidata.org/entity/Q122600705,http://www.wikidata.org/prop/direct/P31,http://www.wikidata.org/entity/Q3895768,fictional location
http://www.wikidata.org/entity/Q122600870,http://www.wikidata.org/prop/direct/P31,http://www.wikidata.org/entity/Q3895768,fictional location
http://www.wikidata.org/entity/Q122601016,http://www.wikidata.org/prop/direct/P31,http://www.wikidata.org/entity/Q60875352,fictional residence
http://www.wikidata.org/entity/Q122601113,http://www.wikidata.org/prop/direct/P31,http://www.wikidata.org/entity/Q61508291,fictional academy
http://www.wikidata.org/entity/Q122601246,http://www.wikidata.org/prop/direct/P31,http://www.wikidata.org/entity/Q108117266,fictional facility
http://www.wikidata.org/entity/Q122601576,http://www.wikidata.org/prop/direct/P31,http://www.wikidata.org/entity/Q3895768,fictional location
http://www.wikidata.org/entity/Q122601779,http://www.wikidata.org/prop/direct/P31,http://www.wikidata.org/entity/Q3895768,fictional location
http://www.wikidata.org/entity/Q122602172,http://www.wikidata.org/prop/direct/P31,http://www.wikidata.org/entity/Q60875460,fictional diner
http://www.wikidata.org/entity/Q122602385,http://www.wikidata.org/prop/direct/P31,http://www.wikidata.org/entity/Q108117266,fictional facility
http://www.wikidata.org/entity/Q122602494,http://www.wikidata.org/prop/direct/P31,http://www.wikidata.org/entity/Q82551938,fictional apartment
http://www.wikidata.org/entity/Q122602524,http://www.wikidata.org/prop/direct/P31,http://www.wikidata.org/entity/Q21597574,fictional hotel
http://www.wikidata.org/entity/Q122602546,http://www.wikidata.org/prop/direct/P31,http://www.wikidata.org/entity/Q100706037,fictional dimension
http://www.wikidata.org/entity/Q122602568,http://www.wikidata.org/prop/direct/P31,http://www.wikidata.org/entity/Q111535061,fictional store
http://www.wikidata.org/entity/Q122602589,http://www.wikidata.org/prop/direct/P31,http://www.wikidata.org/entity/Q16363493,fictional forest
http://www.wikidata.org/entity/Q122602617,http://www.wikidata.org/prop/direct/P31,http://www.wikidata.org/entity/Q82551938,fictional apartment
http://www.wikidata.org/entity/Q122602641,http://www.wikidata.org/prop/direct/P31,http://www.wikidata.org/entity/Q1964689,fictional city
http://www.wikidata.org/entity/Q122602670,http://www.wikidata.org/prop/direct/P31,http://www.wikidata.org/entity/Q65153307,fictional high or secondary school
http://www.wikidata.org/entity/Q122602691,http://www.wikidata.org/prop/direct/P31,http://www.wikidata.org/entity/Q18572946,fictional space station
http://www.wikidata.org/entity/Q122602738,http://www.wikidata.org/prop/direct/P31,http://www.wikidata.org/entity/Q60875215,fictional café
http://www.wikidata.org/entity/Q122602752,http://www.wikidata.org/prop/direct/P31,http://www.wikidata.org/entity/Q108117266,fictional facility
http://www.wikidata.org/entity/Q122602810,http://www.wikidata.org/prop/direct/P31,http://www.wikidata.org/entity/Q108117266,fictional facility
http://www.wikidata.org/entity/Q122617170,http://www.wikidata.org/prop/direct/P31,http://www.wikidata.org/entity/Q2775969,fictional planet
http://www.wikidata.org/entity/Q122617201,http://www.wikidata.org/prop/direct/P31,http://www.wikidata.org/entity/Q60466874,fictional museum
http://www.wikidata.org/entity/Q122617228,http://www.wikidata.org/prop/direct/P31,http://www.wikidata.org/entity/Q3895768,fictional location
http://www.wikidata.org/entity/Q122617265,http://www.wikidata.org/prop/direct/P31,http://www.wikidata.org/entity/Q108117266,fictional facility
http://www.wikidata.org/entity/Q122617298,http://www.wikidata.org/prop/direct/P31,http://www.wikidata.org/entity/Q3895768,fictional location
http://www.wikidata.org/entity/Q122617321,http://www.wikidata.org/prop/direct/P31,http://www.wikidata.org/entity/Q3895768,fictional location
http://www.wikidata.org/entity/Q122617368,http://www.wikidata.org/prop/direct/P31,http://www.wikidata.org/entity/Q111535061,fictional store
http://www.wikidata.org/entity/Q122617392,http://www.wikidata.org/prop/direct/P31,http://www.wikidata.org/entity/Q3895768,fictional location
http://www.wikidata.org/entity/Q122617425,http://www.wikidata.org/prop/direct/P31,http://www.wikidata.org/entity/Q111535061,fictional store
http://www.wikidata.org/entity/Q122617450,http://www.wikidata.org/prop/direct/P31,http://www.wikidata.org/entity/Q20751022,fictional house
http://www.wikidata.org/entity/Q122617484,http://www.wikidata.org/prop/direct/P31,http://www.wikidata.org/entity/Q58207797,fictional gate
http://www.wikidata.org/entity/Q122617506,http://www.wikidata.org/prop/direct/P31,http://www.wikidata.org/entity/Q18058299,fictional castle
http://www.wikidata.org/entity/Q122617533,http://www.wikidata.org/prop/direct/P31,http://www.wikidata.org/entity/Q3895768,fictional location
http://www.wikidata.org/entity/Q122617572,http://www.wikidata.org/prop/direct/P31,http://www.wikidata.org/entity/Q82551938,fictional apartment
http://www.wikidata.org/entity/Q122617600,http://www.wikidata.org/prop/direct/P31,http://www.wikidata.org/entity/Q63960235,fictional mansion
http://www.wikidata.org/entity/Q122617621,http://www.wikidata.org/prop/direct/P31,http://www.wikidata.org/entity/Q108117266,fictional facility
http://www.wikidata.org/entity/Q122617711,http://www.wikidata.org/prop/direct/P31,http://www.wikidata.org/entity/Q96343424,fictional laboratory
http://www.wikidata.org/entity/Q122547875,http://www.wikidata.org/prop/direct/P31,http://www.wikidata.org/entity/Q17682891,fictional prison
http://www.wikidata.org/entity/Q122548157,http://www.wikidata.org/prop/direct/P31,http://www.wikidata.org/entity/Q82551938,fictional apartment
http://www.wikidata.org/entity/Q122548393,http://www.wikidata.org/prop/direct/P31,http://www.wikidata.org/entity/Q82551938,fictional apartment
http://www.wikidata.org/entity/Q122548897,http://www.wikidata.org/prop/direct/P31,http://www.wikidata.org/entity/Q15709963,fictional hospital
http://www.wikidata.org/entity/Q122549162,http://www.wikidata.org/prop/direct/P31,http://www.wikidata.org/entity/Q108117266,fictional facility
http://www.wikidata.org/entity/Q122549392,http://www.wikidata.org/prop/direct/P31,http://www.wikidata.org/entity/Q62662706,fictional cemetery
http://www.wikidata.org/entity/Q122549671,http://www.wikidata.org/prop/direct/P31,http://www.wikidata.org/entity/Q60875352,fictional residence
http://www.wikidata.org/entity/Q122549915,http://www.wikidata.org/prop/direct/P31,http://www.wikidata.org/entity/Q15720793,fictional building
http://www.wikidata.org/entity/Q122550173,http://www.wikidata.org/prop/direct/P31,http://www.wikidata.org/entity/Q3895768,fictional location
http://www.wikidata.org/entity/Q122550353,http://www.wikidata.org/prop/direct/P31,http://www.wikidata.org/entity/Q96279636,fictional tavern
http://www.wikidata.org/entity/Q122550568,http://www.wikidata.org/prop/direct/P31,http://www.wikidata.org/entity/Q3895768,fictional location
http://www.wikidata.org/entity/Q122550804,http://www.wikidata.org/prop/direct/P31,http://www.wikidata.org/entity/Q60875352,fictional residence
http://www.wikidata.org/entity/Q122551062,http://www.wikidata.org/prop/direct/P31,http://www.wikidata.org/entity/Q60875352,fictional residence
http://www.wikidata.org/entity/Q122551258,http://www.wikidata.org/prop/direct/P31,http://www.wikidata.org/entity/Q3895768,fictional location
http://www.wikidata.org/entity/Q122553593,http://www.wikidata.org/prop/direct/P31,http://www.wikidata.org/entity/Q3895768,fictional location
http://www.wikidata.org/entity/Q122553922,http://www.wikidata.org/prop/direct/P31,http://www.wikidata.org/entity/Q18814068,fictional restaurant
http://www.wikidata.org/entity/Q122554222,http://www.wikidata.org/prop/direct/P31,http://www.wikidata.org/entity/Q62665598,fictional gas station
http://www.wikidata.org/entity/Q122554541,http://www.wikidata.org/prop/direct/P31,http://www.wikidata.org/entity/Q18814068,fictional restaurant
http://www.wikidata.org/entity/Q122554823,http://www.wikidata.org/prop/direct/P31,http://www.wikidata.org/entity/Q30106090,fictional drinking establishment
http://www.wikidata.org/entity/Q122555186,http://www.wikidata.org/prop/direct/P31,http://www.wikidata.org/entity/Q82551957,fictional village
http://www.wikidata.org/entity/Q122555483,http://www.wikidata.org/prop/direct/P31,http://www.wikidata.org/entity/Q60875352,fictional residence
http://www.wikidata.org/entity/Q122555777,http://www.wikidata.org/prop/direct/P31,http://www.wikidata.org/entity/Q60875352,fictional residence
http://www.wikidata.org/entity/Q122556051,http://www.wikidata.org/prop/direct/P31,http://www.wikidata.org/entity/Q30106090,fictional drinking establishment
http://www.wikidata.org/entity/Q122556185,http://www.wikidata.org/prop/direct/P31,http://www.wikidata.org/entity/Q18814068,fictional restaurant
http://www.wikidata.org/entity/Q122556482,http://www.wikidata.org/prop/direct/P31,http://www.wikidata.org/entity/Q19826142,fictional shop
http://www.wikidata.org/entity/Q122556693,http://www.wikidata.org/prop/direct/P31,http://www.wikidata.org/entity/Q82551938,fictional apartment
http://www.wikidata.org/entity/Q122557129,http://www.wikidata.org/prop/direct/P31,http://www.wikidata.org/entity/Q18814068,fictional restaurant
http://www.wikidata.org/entity/Q122557434,http://www.wikidata.org/prop/direct/P31,http://www.wikidata.org/entity/Q19826142,fictional shop
http://www.wikidata.org/entity/Q122557645,http://www.wikidata.org/prop/direct/P31,http://www.wikidata.org/entity/Q89375085,fictional college
http://www.wikidata.org/entity/Q122557843,http://www.wikidata.org/prop/direct/P31,http://www.wikidata.org/entity/Q89375434,fictional primary school
http://www.wikidata.org/entity/Q122558050,http://www.wikidata.org/prop/direct/P31,http://www.wikidata.org/entity/Q3895768,fictional location
http://www.wikidata.org/entity/Q122558414,http://www.wikidata.org/prop/direct/P31,http://www.wikidata.org/entity/Q20751022,fictional house
http://www.wikidata.org/entity/Q122558644,http://www.wikidata.org/prop/direct/P31,http://www.wikidata.org/entity/Q6619693,fictional island
http://www.wikidata.org/entity/Q122558878,http://www.wikidata.org/prop/direct/P31,http://www.wikidata.org/entity/Q30106090,fictional drinking establishment
http://www.wikidata.org/entity/Q122559107,http://www.wikidata.org/prop/direct/P31,http://www.wikidata.org/entity/Q82551938,fictional apartment
http://www.wikidata.org/entity/Q122559380,http://www.wikidata.org/prop/direct/P31,http://www.wikidata.org/entity/Q108117266,fictional facility
http://www.wikidata.org/entity/Q122559647,http://www.wikidata.org/prop/direct/P31,http://www.wikidata.org/entity/Q3895768,fictional location
http://www.wikidata.org/entity/Q122560048,http://www.wikidata.org/prop/direct/P31,http://www.wikidata.org/entity/Q30106090,fictional drinking establishment
http://www.wikidata.org/entity/Q122560300,http://www.wikidata.org/prop/direct/P31,http://www.wikidata.org/entity/Q82551938,fictional apartment
http://www.wikidata.org/entity/Q122560502,http://www.wikidata.org/prop/direct/P31,http://www.wikidata.org/entity/Q20751022,fictional house
http://www.wikidata.org/entity/Q122560911,http://www.wikidata.org/prop/direct/P31,http://www.wikidata.org/entity/Q3895768,fictional location
http://www.wikidata.org/entity/Q122561282,http://www.wikidata.org/prop/direct/P31,http://www.wikidata.org/entity/Q108117266,fictional facility
http://www.wikidata.org/entity/Q122561581,http://www.wikidata.org/prop/direct/P31,http://www.wikidata.org/entity/Q18814068,fictional restaurant
http://www.wikidata.org/entity/Q122561912,http://www.wikidata.org/prop/direct/P31,http://www.wikidata.org/entity/Q63959562,fictional police station
http://www.wikidata.org/entity/Q122585951,http://www.wikidata.org/prop/direct/P31,http://www.wikidata.org/entity/Q60875215,fictional café
http://www.wikidata.org/entity/Q122585972,http://www.wikidata.org/prop/direct/P31,http://www.wikidata.org/entity/Q3895768,fictional location
http://www.wikidata.org/entity/Q122586003,http://www.wikidata.org/prop/direct/P31,http://www.wikidata.org/entity/Q3895768,fictional location
http://www.wikidata.org/entity/Q122586028,http://www.wikidata.org/prop/direct/P31,http://www.wikidata.org/entity/Q108117266,fictional facility
http://www.wikidata.org/entity/Q122586047,http://www.wikidata.org/prop/direct/P31,http://www.wikidata.org/entity/Q15720793,fictional building
http://www.wikidata.org/entity/Q122586076,http://www.wikidata.org/prop/direct/P31,http://www.wikidata.org/entity/Q3895768,fictional location
http://www.wikidata.org/entity/Q122586132,http://www.wikidata.org/prop/direct/P31,http://www.wikidata.org/entity/Q3895768,fictional location
http://www.wikidata.org/entity/Q122586155,http://www.wikidata.org/prop/direct/P31,http://www.wikidata.org/entity/Q3895768,fictional location
http://www.wikidata.org/entity/Q122586296,http://www.wikidata.org/prop/direct/P31,http://www.wikidata.org/entity/Q21597574,fictional hotel
http://www.wikidata.org/entity/Q122586417,http://www.wikidata.org/prop/direct/P31,http://www.wikidata.org/entity/Q60875352,fictional residence
http://www.wikidata.org/entity/Q122586640,http://www.wikidata.org/prop/direct/P31,http://www.wikidata.org/entity/Q20751022,fictional house
http://www.wikidata.org/entity/Q122586770,http://www.wikidata.org/prop/direct/P31,http://www.wikidata.org/entity/Q3895768,fictional location
http://www.wikidata.org/entity/Q122586883,http://www.wikidata.org/prop/direct/P31,http://www.wikidata.org/entity/Q62939343,fictional military base
http://www.wikidata.org/entity/Q122586969,http://www.wikidata.org/prop/direct/P31,http://www.wikidata.org/entity/Q20751022,fictional house
http://www.wikidata.org/entity/Q122587073,http://www.wikidata.org/prop/direct/P31,http://www.wikidata.org/entity/Q20080483,fictional cave
http://www.wikidata.org/entity/Q122587195,http://www.wikidata.org/prop/direct/P31,http://www.wikidata.org/entity/Q3895768,fictional location
http://www.wikidata.org/entity/Q122587305,http://www.wikidata.org/prop/direct/P31,http://www.wikidata.org/entity/Q108117266,fictional facility
http://www.wikidata.org/entity/Q122587335,http://www.wikidata.org/prop/direct/P31,http://www.wikidata.org/entity/Q104537313,fictional gymnasium
http://www.wikidata.org/entity/Q122587371,http://www.wikidata.org/prop/direct/P31,http://www.wikidata.org/entity/Q62939343,fictional military base
http://www.wikidata.org/entity/Q122587394,http://www.wikidata.org/prop/direct/P31,http://www.wikidata.org/entity/Q3895768,fictional location
http://www.wikidata.org/entity/Q122587417,http://www.wikidata.org/prop/direct/P31,http://www.wikidata.org/entity/Q60875352,fictional residence
http://www.wikidata.org/entity/Q122587435,http://www.wikidata.org/prop/direct/P31,http://www.wikidata.org/entity/Q3895768,fictional location
http://www.wikidata.org/entity/Q122587520,http://www.wikidata.org/prop/direct/P31,http://www.wikidata.org/entity/Q111535061,fictional store
http://www.wikidata.org/entity/Q122587537,http://www.wikidata.org/prop/direct/P31,http://www.wikidata.org/entity/Q65153307,fictional high or secondary school
http://www.wikidata.org/entity/Q122587672,http://www.wikidata.org/prop/direct/P31,http://www.wikidata.org/entity/Q60875352,fictional residence
http://www.wikidata.org/entity/Q122587833,http://www.wikidata.org/prop/direct/P31,http://www.wikidata.org/entity/Q111547268,fictional group of locations
http://www.wikidata.org/entity/Q122594618,http://www.wikidata.org/prop/direct/P31,http://www.wikidata.org/entity/Q3895768,fictional location
http://www.wikidata.org/entity/Q116819272,http://www.wikidata.org/prop/direct/P31,http://www.wikidata.org/entity/Q65939560,fictional armor
http://www.wikidata.org/entity/Q116819295,http://www.wikidata.org/prop/direct/P31,http://www.wikidata.org/entity/Q65939560,fictional armor
http://www.wikidata.org/entity/Q116819308,http://www.wikidata.org/prop/direct/P31,http://www.wikidata.org/entity/Q65939560,fictional armor
http://www.wikidata.org/entity/Q116819327,http://www.wikidata.org/prop/direct/P31,http://www.wikidata.org/entity/Q65939560,fictional armor
http://www.wikidata.org/entity/Q116819336,http://www.wikidata.org/prop/direct/P31,http://www.wikidata.org/entity/Q65939560,fictional armor
http://www.wikidata.org/entity/Q116819353,http://www.wikidata.org/prop/direct/P31,http://www.wikidata.org/entity/Q65939560,fictional armor
http://www.wikidata.org/entity/Q116819362,http://www.wikidata.org/prop/direct/P31,http://www.wikidata.org/entity/Q65939560,fictional armor
http://www.wikidata.org/entity/Q116819370,http://www.wikidata.org/prop/direct/P31,http://www.wikidata.org/entity/Q65939560,fictional armor
http://www.wikidata.org/entity/Q116819376,http://www.wikidata.org/prop/direct/P31,http://www.wikidata.org/entity/Q65939560,fictional armor
http://www.wikidata.org/entity/Q116819390,http://www.wikidata.org/prop/direct/P31,http://www.wikidata.org/entity/Q65939560,fictional armor
http://www.wikidata.org/entity/Q116819398,http://www.wikidata.org/prop/direct/P31,http://www.wikidata.org/entity/Q65939560,fictional armor
http://www.wikidata.org/entity/Q116819410,http://www.wikidata.org/prop/direct/P31,http://www.wikidata.org/entity/Q65939560,fictional armor
http://www.wikidata.org/entity/Q116819420,http://www.wikidata.org/prop/direct/P31,http://www.wikidata.org/entity/Q65939560,fictional armor
http://www.wikidata.org/entity/Q116819435,http://www.wikidata.org/prop/direct/P31,http://www.wikidata.org/entity/Q65939560,fictional armor
http://www.wikidata.org/entity/Q116819445,http://www.wikidata.org/prop/direct/P31,http://www.wikidata.org/entity/Q65939560,fictional armor
http://www.wikidata.org/entity/Q116819454,http://www.wikidata.org/prop/direct/P31,http://www.wikidata.org/entity/Q65939560,fictional armor
http://www.wikidata.org/entity/Q116819476,http://www.wikidata.org/prop/direct/P31,http://www.wikidata.org/entity/Q65939560,fictional armor
http://www.wikidata.org/entity/Q116819512,http://www.wikidata.org/prop/direct/P31,http://www.wikidata.org/entity/Q65939560,fictional armor
http://www.wikidata.org/entity/Q116819776,http://www.wikidata.org/prop/direct/P31,http://www.wikidata.org/entity/Q65939560,fictional armor
http://www.wikidata.org/entity/Q116819860,http://www.wikidata.org/prop/direct/P31,http://www.wikidata.org/entity/Q65939560,fictional armor
http://www.wikidata.org/entity/Q116819870,http://www.wikidata.org/prop/direct/P31,http://www.wikidata.org/entity/Q65939560,fictional armor
http://www.wikidata.org/entity/Q116835335,http://www.wikidata.org/prop/direct/P31,http://www.wikidata.org/entity/Q23090938,fictional device
http://www.wikidata.org/entity/Q116835442,http://www.wikidata.org/prop/direct/P31,http://www.wikidata.org/entity/Q65939560,fictional armor
http://www.wikidata.org/entity/Q116835573,http://www.wikidata.org/prop/direct/P31,http://www.wikidata.org/entity/Q15706911,fictional object
http://www.wikidata.org/entity/Q116835766,http://www.wikidata.org/prop/direct/P31,http://www.wikidata.org/entity/Q96901476,fictional command
http://www.wikidata.org/entity/Q116835905,http://www.wikidata.org/prop/direct/P31,http://www.wikidata.org/entity/Q96901476,fictional command
http://www.wikidata.org/entity/Q116836065,http://www.wikidata.org/prop/direct/P31,http://www.wikidata.org/entity/Q112822110,fictional group of objects
http://www.wikidata.org/entity/Q116836183,http://www.wikidata.org/prop/direct/P31,http://www.wikidata.org/entity/Q15720870,fictional weapon
http://www.wikidata.org/entity/Q116836362,http://www.wikidata.org/prop/direct/P31,http://www.wikidata.org/entity/Q15720870,fictional weapon
http://www.wikidata.org/entity/Q116836535,http://www.wikidata.org/prop/direct/P31,http://www.wikidata.org/entity/Q15720870,fictional weapon
http://www.wikidata.org/entity/Q116836677,http://www.wikidata.org/prop/direct/P31,http://www.wikidata.org/entity/Q15720870,fictional weapon
http://www.wikidata.org/entity/Q116836925,http://www.wikidata.org/prop/direct/P31,http://www.wikidata.org/entity/Q15720870,fictional weapon
http://www.wikidata.org/entity/Q116837039,http://www.wikidata.org/prop/direct/P31,http://www.wikidata.org/entity/Q15720870,fictional weapon
http://www.wikidata.org/entity/Q116837159,http://www.wikidata.org/prop/direct/P31,http://www.wikidata.org/entity/Q16708006,fictional ship
http://www.wikidata.org/entity/Q116837303,http://www.wikidata.org/prop/direct/P31,http://www.wikidata.org/entity/Q14514600,group of fictional characters
http://www.wikidata.org/entity/Q116837761,http://www.wikidata.org/prop/direct/P31,http://www.wikidata.org/entity/Q62710810,fictional law enforcement agency
http://www.wikidata.org/entity/Q116837942,http://www.wikidata.org/prop/direct/P31,http://www.wikidata.org/entity/Q60479060,fictional television station
http://www.wikidata.org/entity/Q116837946,http://www.wikidata.org/prop/direct/P31,http://www.wikidata.org/entity/Q60479060,fictional television station
http://www.wikidata.org/entity/Q116837950,http://www.wikidata.org/prop/direct/P31,http://www.wikidata.org/entity/Q60479060,fictional television station
http://www.wikidata.org/entity/Q116837954,http://www.wikidata.org/prop/direct/P31,http://www.wikidata.org/entity/Q15909505,fictional newspaper
http://www.wikidata.org/entity/Q116837962,http://www.wikidata.org/prop/direct/P31,http://www.wikidata.org/entity/Q15909505,fictional newspaper
http://www.wikidata.org/entity/Q116837974,http://www.wikidata.org/prop/direct/P31,http://www.wikidata.org/entity/Q60479060,fictional television station
http://www.wikidata.org/entity/Q116837980,http://www.wikidata.org/prop/direct/P31,http://www.wikidata.org/entity/Q60479060,fictional television station
http://www.wikidata.org/entity/Q116850410,http://www.wikidata.org/prop/direct/P31,http://www.wikidata.org/entity/Q1964689,fictional city
http://www.wikidata.org/entity/Q116850467,http://www.wikidata.org/prop/direct/P31,http://www.wikidata.org/entity/Q17682891,fictional prison
http://www.wikidata.org/entity/Q116850578,http://www.wikidata.org/prop/direct/P31,http://www.wikidata.org/entity/Q82551938,fictional apartment
http://www.wikidata.org/entity/Q116850689,http://www.wikidata.org/prop/direct/P31,http://www.wikidata.org/entity/Q113303286,fictional colony
http://www.wikidata.org/entity/Q116850804,http://www.wikidata.org/prop/direct/P31,http://www.wikidata.org/entity/Q3895768,fictional location
http://www.wikidata.org/entity/Q116850940,http://www.wikidata.org/prop/direct/P31,http://www.wikidata.org/entity/Q17198419,fictional war
http://www.wikidata.org/entity/Q116850977,http://www.wikidata.org/prop/direct/P31,http://www.wikidata.org/entity/Q15707521,fictional battle
http://www.wikidata.org/entity/Q116851083,http://www.wikidata.org/prop/direct/P31,http://www.wikidata.org/entity/Q15706911,fictional object
http://www.wikidata.org/entity/Q116851162,http://www.wikidata.org/prop/direct/P31,http://www.wikidata.org/entity/Q15720870,fictional weapon
http://www.wikidata.org/entity/Q116851183,http://www.wikidata.org/prop/direct/P31,http://www.wikidata.org/entity/Q15720870,fictional weapon
http://www.wikidata.org/entity/Q116851266,http://www.wikidata.org/prop/direct/P31,http://www.wikidata.org/entity/Q15706911,fictional object
http://www.wikidata.org/entity/Q116851285,http://www.wikidata.org/prop/direct/P31,http://www.wikidata.org/entity/Q15720870,fictional weapon
http://www.wikidata.org/entity/Q116851408,http://www.wikidata.org/prop/direct/P31,http://www.wikidata.org/entity/Q15720870,fictional weapon
http://www.wikidata.org/entity/Q116851433,http://www.wikidata.org/prop/direct/P31,http://www.wikidata.org/entity/Q15720870,fictional weapon
http://www.wikidata.org/entity/Q116851551,http://www.wikidata.org/prop/direct/P31,http://www.wikidata.org/entity/Q113613902,fictional shield
http://www.wikidata.org/entity/Q116851655,http://www.wikidata.org/prop/direct/P31,http://www.wikidata.org/entity/Q74574,fictional book
http://www.wikidata.org/entity/Q116851701,http://www.wikidata.org/prop/direct/P31,http://www.wikidata.org/entity/Q112822110,fictional group of objects
http://www.wikidata.org/entity/Q116851895,http://www.wikidata.org/prop/direct/P31,http://www.wikidata.org/entity/Q15706911,fictional object
http://www.wikidata.org/entity/Q116851937,http://www.wikidata.org/prop/direct/P31,http://www.wikidata.org/entity/Q23090938,fictional device
http://www.wikidata.org/entity/Q116852010,http://www.wikidata.org/prop/direct/P31,http://www.wikidata.org/entity/Q112822110,fictional group of objects
http://www.wikidata.org/entity/Q116852092,http://www.wikidata.org/prop/direct/P31,http://www.wikidata.org/entity/Q112822110,fictional group of objects
http://www.wikidata.org/entity/Q116852173,http://www.wikidata.org/prop/direct/P31,http://www.wikidata.org/entity/Q20871196,fictional vehicle
http://www.wikidata.org/entity/Q116852263,http://www.wikidata.org/prop/direct/P31,http://www.wikidata.org/entity/Q16708006,fictional ship
http://www.wikidata.org/entity/Q116852442,http://www.wikidata.org/prop/direct/P31,http://www.wikidata.org/entity/Q16708006,fictional ship
http://www.wikidata.org/entity/Q116852641,http://www.wikidata.org/prop/direct/P31,http://www.wikidata.org/entity/Q15773347,film character
http://www.wikidata.org/entity/Q116852825,http://www.wikidata.org/prop/direct/P31,http://www.wikidata.org/entity/Q21192438,fictional species
http://www.wikidata.org/entity/Q116852994,http://www.wikidata.org/prop/direct/P31,http://www.wikidata.org/entity/Q21192438,fictional species
http://www.wikidata.org/entity/Q116853033,http://www.wikidata.org/prop/direct/P31,http://www.wikidata.org/entity/Q21192438,fictional species
http://www.wikidata.org/entity/Q122617735,http://www.wikidata.org/prop/direct/P31,http://www.wikidata.org/entity/Q108117266,fictional facility
http://www.wikidata.org/entity/Q122617755,http://www.wikidata.org/prop/direct/P31,http://www.wikidata.org/entity/Q15720793,fictional building
http://www.wikidata.org/entity/Q122617774,http://www.wikidata.org/prop/direct/P31,http://www.wikidata.org/entity/Q3895768,fictional location
http://www.wikidata.org/entity/Q122617799,http://www.wikidata.org/prop/direct/P31,http://www.wikidata.org/entity/Q30106090,fictional drinking establishment
http://www.wikidata.org/entity/Q122617835,http://www.wikidata.org/prop/direct/P31,http://www.wikidata.org/entity/Q3895768,fictional location
http://www.wikidata.org/entity/Q122617920,http://www.wikidata.org/prop/direct/P31,http://www.wikidata.org/entity/Q60875352,fictional residence
http://www.wikidata.org/entity/Q122617946,http://www.wikidata.org/prop/direct/P31,http://www.wikidata.org/entity/Q3895768,fictional location
http://www.wikidata.org/entity/Q122617956,http://www.wikidata.org/prop/direct/P31,http://www.wikidata.org/entity/Q3895768,fictional location
http://www.wikidata.org/entity/Q122618128,http://www.wikidata.org/prop/direct/P31,http://www.wikidata.org/entity/Q3895768,fictional location
http://www.wikidata.org/entity/Q122618160,http://www.wikidata.org/prop/direct/P31,http://www.wikidata.org/entity/Q82551938,fictional apartment
http://www.wikidata.org/entity/Q122618188,http://www.wikidata.org/prop/direct/P31,http://www.wikidata.org/entity/Q3895768,fictional location
http://www.wikidata.org/entity/Q122618210,http://www.wikidata.org/prop/direct/P31,http://www.wikidata.org/entity/Q96343424,fictional laboratory
http://www.wikidata.org/entity/Q122618229,http://www.wikidata.org/prop/direct/P31,http://www.wikidata.org/entity/Q63959562,fictional police station
http://www.wikidata.org/entity/Q122618253,http://www.wikidata.org/prop/direct/P31,http://www.wikidata.org/entity/Q30106090,fictional drinking establishment
http://www.wikidata.org/entity/Q122618281,http://www.wikidata.org/prop/direct/P31,http://www.wikidata.org/entity/Q82551938,fictional apartment
http://www.wikidata.org/entity/Q122618303,http://www.wikidata.org/prop/direct/P31,http://www.wikidata.org/entity/Q18814068,fictional restaurant
http://www.wikidata.org/entity/Q122618365,http://www.wikidata.org/prop/direct/P31,http://www.wikidata.org/entity/Q82551938,fictional apartment
http://www.wikidata.org/entity/Q122618404,http://www.wikidata.org/prop/direct/P31,http://www.wikidata.org/entity/Q82551938,fictional apartment
http://www.wikidata.org/entity/Q122618425,http://www.wikidata.org/prop/direct/P31,http://www.wikidata.org/entity/Q3895768,fictional location
http://www.wikidata.org/entity/Q122618440,http://www.wikidata.org/prop/direct/P31,http://www.wikidata.org/entity/Q2775969,fictional planet
http://www.wikidata.org/entity/Q122618461,http://www.wikidata.org/prop/direct/P31,http://www.wikidata.org/entity/Q3895768,fictional location
http://www.wikidata.org/entity/Q122618473,http://www.wikidata.org/prop/direct/P31,http://www.wikidata.org/entity/Q3895768,fictional location
http://www.wikidata.org/entity/Q122618496,http://www.wikidata.org/prop/direct/P31,http://www.wikidata.org/entity/Q30106090,fictional drinking establishment
http://www.wikidata.org/entity/Q122618536,http://www.wikidata.org/prop/direct/P31,http://www.wikidata.org/entity/Q3895768,fictional location
http://www.wikidata.org/entity/Q122618570,http://www.wikidata.org/prop/direct/P31,http://www.wikidata.org/entity/Q3895768,fictional location
http://www.wikidata.org/entity/Q122619146,http://www.wikidata.org/prop/direct/P31,http://www.wikidata.org/entity/Q3895768,fictional location
http://www.wikidata.org/entity/Q122619365,http://www.wikidata.org/prop/direct/P31,http://www.wikidata.org/entity/Q2775969,fictional planet
http://www.wikidata.org/entity/Q122619774,http://www.wikidata.org/prop/direct/P31,http://www.wikidata.org/entity/Q15720793,fictional building
http://www.wikidata.org/entity/Q122619800,http://www.wikidata.org/prop/direct/P31,http://www.wikidata.org/entity/Q70130710,fictional farm
http://www.wikidata.org/entity/Q122619854,http://www.wikidata.org/prop/direct/P31,http://www.wikidata.org/entity/Q17682891,fictional prison
http://www.wikidata.org/entity/Q122619876,http://www.wikidata.org/prop/direct/P31,http://www.wikidata.org/entity/Q82551938,fictional apartment
http://www.wikidata.org/entity/Q122619905,http://www.wikidata.org/prop/direct/P31,http://www.wikidata.org/entity/Q15709963,fictional hospital
http://www.wikidata.org/entity/Q122619937,http://www.wikidata.org/prop/direct/P31,http://www.wikidata.org/entity/Q111535061,fictional store
http://www.wikidata.org/entity/Q122620096,http://www.wikidata.org/prop/direct/P31,http://www.wikidata.org/entity/Q3895768,fictional location
http://www.wikidata.org/entity/Q122620335,http://www.wikidata.org/prop/direct/P31,http://www.wikidata.org/entity/Q3895768,fictional location
http://www.wikidata.org/entity/Q122620721,http://www.wikidata.org/prop/direct/P31,http://www.wikidata.org/entity/Q2775969,fictional planet
http://www.wikidata.org/entity/Q122620721,http://www.wikidata.org/prop/direct/P31,http://www.wikidata.org/entity/Q15711870,animated character
http://www.wikidata.org/entity/Q122620721,http://www.wikidata.org/prop/direct/P31,http://www.wikidata.org/entity/Q15773317,television character
http://www.wikidata.org/entity/Q122621143,http://www.wikidata.org/prop/direct/P31,http://www.wikidata.org/entity/Q2775969,fictional planet
http://www.wikidata.org/entity/Q122621143,http://www.wikidata.org/prop/direct/P31,http://www.wikidata.org/entity/Q15711870,animated character
http://www.wikidata.org/entity/Q122621143,http://www.wikidata.org/prop/direct/P31,http://www.wikidata.org/entity/Q15773317,television character
http://www.wikidata.org/entity/Q122621621,http://www.wikidata.org/prop/direct/P31,http://www.wikidata.org/entity/Q59590893,fictional junkyard
http://www.wikidata.org/entity/Q122621921,http://www.wikidata.org/prop/direct/P31,http://www.wikidata.org/entity/Q82551938,fictional apartment
http://www.wikidata.org/entity/Q122622156,http://www.wikidata.org/prop/direct/P31,http://www.wikidata.org/entity/Q82551938,fictional apartment
http://www.wikidata.org/entity/Q122622336,http://www.wikidata.org/prop/direct/P31,http://www.wikidata.org/entity/Q60875352,fictional residence
http://www.wikidata.org/entity/Q122622628,http://www.wikidata.org/prop/direct/P31,http://www.wikidata.org/entity/Q108117266,fictional facility
http://www.wikidata.org/entity/Q122622842,http://www.wikidata.org/prop/direct/P31,http://www.wikidata.org/entity/Q60875352,fictional residence
http://www.wikidata.org/entity/Q122623135,http://www.wikidata.org/prop/direct/P31,http://www.wikidata.org/entity/Q3895768,fictional location
http://www.wikidata.org/entity/Q122623855,http://www.wikidata.org/prop/direct/P31,http://www.wikidata.org/entity/Q82551938,fictional apartment
http://www.wikidata.org/entity/Q122624138,http://www.wikidata.org/prop/direct/P31,http://www.wikidata.org/entity/Q21597574,fictional hotel
http://www.wikidata.org/entity/Q122624319,http://www.wikidata.org/prop/direct/P31,http://www.wikidata.org/entity/Q20751022,fictional house
http://www.wikidata.org/entity/Q122624341,http://www.wikidata.org/prop/direct/P31,http://www.wikidata.org/entity/Q100706037,fictional dimension
http://www.wikidata.org/entity/Q122624361,http://www.wikidata.org/prop/direct/P31,http://www.wikidata.org/entity/Q60875352,fictional residence
http://www.wikidata.org/entity/Q122624408,http://www.wikidata.org/prop/direct/P31,http://www.wikidata.org/entity/Q3895768,fictional location
http://www.wikidata.org/entity/Q122624675,http://www.wikidata.org/prop/direct/P31,http://www.wikidata.org/entity/Q61032653,fictional community center
http://www.wikidata.org/entity/Q122624691,http://www.wikidata.org/prop/direct/P31,http://www.wikidata.org/entity/Q106921111,fictional town
http://www.wikidata.org/entity/Q122624715,http://www.wikidata.org/prop/direct/P31,http://www.wikidata.org/entity/Q108117266,fictional facility
http://www.wikidata.org/entity/Q122624798,http://www.wikidata.org/prop/direct/P31,http://www.wikidata.org/entity/Q63959432,fictional bank
http://www.wikidata.org/entity/Q122624823,http://www.wikidata.org/prop/direct/P31,http://www.wikidata.org/entity/Q3895768,fictional location
http://www.wikidata.org/entity/Q122624862,http://www.wikidata.org/prop/direct/P31,http://www.wikidata.org/entity/Q3895768,fictional location
http://www.wikidata.org/entity/Q122624891,http://www.wikidata.org/prop/direct/P31,http://www.wikidata.org/entity/Q111535061,fictional store
http://www.wikidata.org/entity/Q122624926,http://www.wikidata.org/prop/direct/P31,http://www.wikidata.org/entity/Q18814068,fictional restaurant
http://www.wikidata.org/entity/Q122624946,http://www.wikidata.org/prop/direct/P31,http://www.wikidata.org/entity/Q60875352,fictional residence
http://www.wikidata.org/entity/Q122624968,http://www.wikidata.org/prop/direct/P31,http://www.wikidata.org/entity/Q3895768,fictional location
http://www.wikidata.org/entity/Q122624986,http://www.wikidata.org/prop/direct/P31,http://www.wikidata.org/entity/Q100706037,fictional dimension
http://www.wikidata.org/entity/Q122624996,http://www.wikidata.org/prop/direct/P31,http://www.wikidata.org/entity/Q60875460,fictional diner
http://www.wikidata.org/entity/Q122625003,http://www.wikidata.org/prop/direct/P31,http://www.wikidata.org/entity/Q104537313,fictional gymnasium
http://www.wikidata.org/entity/Q122625030,http://www.wikidata.org/prop/direct/P31,http://www.wikidata.org/entity/Q3895768,fictional location
http://www.wikidata.org/entity/Q122625056,http://www.wikidata.org/prop/direct/P31,http://www.wikidata.org/entity/Q3895768,fictional location
http://www.wikidata.org/entity/Q122625068,http://www.wikidata.org/prop/direct/P31,http://www.wikidata.org/entity/Q82551938,fictional apartment
http://www.wikidata.org/entity/Q122625086,http://www.wikidata.org/prop/direct/P31,http://www.wikidata.org/entity/Q111535061,fictional store
http://www.wikidata.org/entity/Q122625106,http://www.wikidata.org/prop/direct/P31,http://www.wikidata.org/entity/Q19826142,fictional shop
http://www.wikidata.org/entity/Q122625179,http://www.wikidata.org/prop/direct/P31,http://www.wikidata.org/entity/Q89375447,fictional school
http://www.wikidata.org/entity/Q122625349,http://www.wikidata.org/prop/direct/P31,http://www.wikidata.org/entity/Q111535061,fictional store
http://www.wikidata.org/entity/Q122625529,http://www.wikidata.org/prop/direct/P31,http://www.wikidata.org/entity/Q18814068,fictional restaurant
http://www.wikidata.org/entity/Q122654766,http://www.wikidata.org/prop/direct/P31,http://www.wikidata.org/entity/Q3895768,fictional location
http://www.wikidata.org/entity/Q122654858,http://www.wikidata.org/prop/direct/P31,http://www.wikidata.org/entity/Q20751022,fictional house
http://www.wikidata.org/entity/Q122654921,http://www.wikidata.org/prop/direct/P31,http://www.wikidata.org/entity/Q82551938,fictional apartment
http://www.wikidata.org/entity/Q122654967,http://www.wikidata.org/prop/direct/P31,http://www.wikidata.org/entity/Q19826142,fictional shop
http://www.wikidata.org/entity/Q122655021,http://www.wikidata.org/prop/direct/P31,http://www.wikidata.org/entity/Q60875352,fictional residence
http://www.wikidata.org/entity/Q122680258,http://www.wikidata.org/prop/direct/P31,http://www.wikidata.org/entity/Q1114461,comics character
http://www.wikidata.org/entity/Q122680258,http://www.wikidata.org/prop/direct/P31,http://www.wikidata.org/entity/Q15632617,fictional human
http://www.wikidata.org/entity/Q122680258,http://www.wikidata.org/prop/direct/P31,http://www.wikidata.org/entity/Q15773317,television character
http://www.wikidata.org/entity/Q122680258,http://www.wikidata.org/prop/direct/P106,http://www.wikidata.org/entity/Q188784,superhero
http://www.wikidata.org/entity/Q123399026,http://www.wikidata.org/prop/direct/P31,http://www.wikidata.org/entity/Q89050913,fictional extraterrestrial
http://www.wikidata.org/entity/Q123507539,http://www.wikidata.org/prop/direct/P2563,http://www.wikidata.org/entity/Q4386945,superhuman strength
http://www.wikidata.org/entity/Q123507539,http://www.wikidata.org/prop/direct/P2563,http://www.wikidata.org/entity/Q47089006,superhuman durability
http://www.wikidata.org/entity/Q123507539,http://www.wikidata.org/prop/direct/P2563,http://www.wikidata.org/entity/Q93991401,interdimensional travel
http://www.wikidata.org/entity/Q123507539,http://www.wikidata.org/prop/direct/P31,http://www.wikidata.org/entity/Q15773347,film character
http://www.wikidata.org/entity/Q125179103,http://www.wikidata.org/prop/direct/P27,http://www.wikidata.org/entity/Q30,United States
http://www.wikidata.org/entity/Q125179103,http://www.wikidata.org/prop/direct/P31,http://www.wikidata.org/entity/Q15632617,fictional human
http://www.wikidata.org/entity/Q125179103,http://www.wikidata.org/prop/direct/P31,http://www.wikidata.org/entity/Q15773347,film character
http://www.wikidata.org/entity/Q125179103,http://www.wikidata.org/prop/direct/P106,http://www.wikidata.org/entity/Q901,scientist
http://www.wikidata.org/entity/Q126066680,http://www.wikidata.org/prop/direct/P31,http://www.wikidata.org/entity/Q15632617,fictional human
http://www.wikidata.org/entity/Q126066680,http://www.wikidata.org/prop/direct/P31,http://www.wikidata.org/entity/Q15773317,television character
http://www.wikidata.org/entity/Q129084731,http://www.wikidata.org/prop/direct/P31,http://www.wikidata.org/entity/Q15632617,fictional human
http://www.wikidata.org/entity/Q129084731,http://www.wikidata.org/prop/direct/P31,http://www.wikidata.org/entity/Q15773317,television character
http://www.wikidata.org/entity/Q129084796,http://www.wikidata.org/prop/direct/P31,http://www.wikidata.org/entity/Q15632617,fictional human
http://www.wikidata.org/entity/Q129084796,http://www.wikidata.org/prop/direct/P31,http://www.wikidata.org/entity/Q15773317,television character
http://www.wikidata.org/entity/Q129084796,http://www.wikidata.org/prop/direct/P106,http://www.wikidata.org/entity/Q105379199,FBI agent
http://www.wikidata.org/entity/Q129086434,http://www.wikidata.org/prop/direct/P31,http://www.wikidata.org/entity/Q15632617,fictional human
http://www.wikidata.org/entity/Q129086434,http://www.wikidata.org/prop/direct/P31,http://www.wikidata.org/entity/Q15773317,television character
http://www.wikidata.org/entity/Q129144133,http://www.wikidata.org/prop/direct/P31,http://www.wikidata.org/entity/Q15632617,fictional human
http://www.wikidata.org/entity/Q129144133,http://www.wikidata.org/prop/direct/P31,http://www.wikidata.org/entity/Q15773317,television character
http://www.wikidata.org/entity/Q129144133,http://www.wikidata.org/prop/direct/P106,http://www.wikidata.org/entity/Q55983771,assassin
http://www.wikidata.org/entity/Q129144472,http://www.wikidata.org/prop/direct/P31,http://www.wikidata.org/entity/Q15632617,fictional human
http://www.wikidata.org/entity/Q129144472,http://www.wikidata.org/prop/direct/P31,http://www.wikidata.org/entity/Q15773317,television character
http://www.wikidata.org/entity/Q129151322,http://www.wikidata.org/prop/direct/P31,http://www.wikidata.org/entity/Q15632617,fictional human
http://www.wikidata.org/entity/Q129151322,http://www.wikidata.org/prop/direct/P31,http://www.wikidata.org/entity/Q15773317,television character
http://www.wikidata.org/entity/Q129165717,http://www.wikidata.org/prop/direct/P31,http://www.wikidata.org/entity/Q15632617,fictional human
http://www.wikidata.org/entity/Q129165717,http://www.wikidata.org/prop/direct/P31,http://www.wikidata.org/entity/Q15773317,television character
http://www.wikidata.org/entity/Q129167228,http://www.wikidata.org/prop/direct/P31,http://www.wikidata.org/entity/Q15632617,fictional human
http://www.wikidata.org/entity/Q129167228,http://www.wikidata.org/prop/direct/P31,http://www.wikidata.org/entity/Q15773317,television character
http://www.wikidata.org/entity/Q129167244,http://www.wikidata.org/prop/direct/P31,http://www.wikidata.org/entity/Q15632617,fictional human
http://www.wikidata.org/entity/Q129167244,http://www.wikidata.org/prop/direct/P31,http://www.wikidata.org/entity/Q15773317,television character
http://www.wikidata.org/entity/Q129167260,http://www.wikidata.org/prop/direct/P31,http://www.wikidata.org/entity/Q15632617,fictional human
http://www.wikidata.org/entity/Q129167260,http://www.wikidata.org/prop/direct/P31,http://www.wikidata.org/entity/Q15773317,television character
http://www.wikidata.org/entity/Q129167274,http://www.wikidata.org/prop/direct/P31,http://www.wikidata.org/entity/Q15632617,fictional human
http://www.wikidata.org/entity/Q129167274,http://www.wikidata.org/prop/direct/P31,http://www.wikidata.org/entity/Q15773317,television character
http://www.wikidata.org/entity/Q129167317,http://www.wikidata.org/prop/direct/P31,http://www.wikidata.org/entity/Q15632617,fictional human
http://www.wikidata.org/entity/Q129167317,http://www.wikidata.org/prop/direct/P31,http://www.wikidata.org/entity/Q15773317,television character
http://www.wikidata.org/entity/Q129167340,http://www.wikidata.org/prop/direct/P31,http://www.wikidata.org/entity/Q15632617,fictional human
http://www.wikidata.org/entity/Q129167340,http://www.wikidata.org/prop/direct/P31,http://www.wikidata.org/entity/Q15773317,television character
http://www.wikidata.org/entity/Q129167347,http://www.wikidata.org/prop/direct/P26,http://www.wikidata.org/entity/Q64099772,Wilson Fisk
http://www.wikidata.org/entity/Q129167347,http://www.wikidata.org/prop/direct/P31,http://www.wikidata.org/entity/Q15632617,fictional human
http://www.wikidata.org/entity/Q129167347,http://www.wikidata.org/prop/direct/P31,http://www.wikidata.org/entity/Q15773317,television character
http://www.wikidata.org/entity/Q129168851,http://www.wikidata.org/prop/direct/P31,http://www.wikidata.org/entity/Q15632617,fictional human
http://www.wikidata.org/entity/Q129168851,http://www.wikidata.org/prop/direct/P31,http://www.wikidata.org/entity/Q15773317,television character
http://www.wikidata.org/entity/Q129168851,http://www.wikidata.org/prop/direct/P40,http://www.wikidata.org/entity/Q113169240,Kamala Khan
http://www.wikidata.org/entity/Q129175900,http://www.wikidata.org/prop/direct/P31,http://www.wikidata.org/entity/Q15632617,fictional human
http://www.wikidata.org/entity/Q129175900,http://www.wikidata.org/prop/direct/P31,http://www.wikidata.org/entity/Q15773317,television character
http://www.wikidata.org/entity/Q129175907,http://www.wikidata.org/prop/direct/P31,http://www.wikidata.org/entity/Q15632617,fictional human
http://www.wikidata.org/entity/Q129175907,http://www.wikidata.org/prop/direct/P31,http://www.wikidata.org/entity/Q15773317,television character
http://www.wikidata.org/entity/Q129175907,http://www.wikidata.org/prop/direct/P40,http://www.wikidata.org/entity/Q110414906,Matt Murdock
http://www.wikidata.org/entity/Q129175910,http://www.wikidata.org/prop/direct/P31,http://www.wikidata.org/entity/Q15632617,fictional human
http://www.wikidata.org/entity/Q129175910,http://www.wikidata.org/prop/direct/P31,http://www.wikidata.org/entity/Q15773317,television character
http://www.wikidata.org/entity/Q129175910,http://www.wikidata.org/prop/direct/P106,http://www.wikidata.org/entity/Q105379199,FBI agent
http://www.wikidata.org/entity/Q129514009,http://www.wikidata.org/prop/direct/P31,http://www.wikidata.org/entity/Q15773347,film character
http://www.wikidata.org/entity/Q131448287,http://www.wikidata.org/prop/direct/P31,http://www.wikidata.org/entity/Q15632617,fictional human
http://www.wikidata.org/entity/Q131448287,http://www.wikidata.org/prop/direct/P31,http://www.wikidata.org/entity/Q15773317,television character
http://www.wikidata.org/entity/Q133697747,http://www.wikidata.org/prop/direct/P31,http://www.wikidata.org/entity/Q15632617,fictional human
http://www.wikidata.org/entity/Q133697747,http://www.wikidata.org/prop/direct/P31,http://www.wikidata.org/entity/Q15773347,film character
http://www.wikidata.org/entity/Q133697747,http://www.wikidata.org/prop/direct/P3373,http://www.wikidata.org/entity/Q133697756,Johnny Storm
http://www.wikidata.org/entity/Q133697756,http://www.wikidata.org/prop/direct/P31,http://www.wikidata.org/entity/Q15632617,fictional human
http://www.wikidata.org/entity/Q133697756,http://www.wikidata.org/prop/direct/P31,http://www.wikidata.org/entity/Q15773347,film character
http://www.wikidata.org/entity/Q133697756,http://www.wikidata.org/prop/direct/P3373,http://www.wikidata.org/entity/Q133697747,Sue Storm
http://www.wikidata.org/entity/Q133697772,http://www.wikidata.org/prop/direct/P31,http://www.wikidata.org/entity/Q15632617,fictional human
http://www.wikidata.org/entity/Q133697772,http://www.wikidata.org/prop/direct/P31,http://www.wikidata.org/entity/Q15773347,film character
http://www.wikidata.org/entity/Q133806334,http://www.wikidata.org/prop/direct/P27,http://www.wikidata.org/entity/Q30,United States
http://www.wikidata.org/entity/Q133806334,http://www.wikidata.org/prop/direct/P27,http://www.wikidata.org/entity/Q96,Mexico
http://www.wikidata.org/entity/Q133806334,http://www.wikidata.org/prop/direct/P31,http://www.wikidata.org/entity/Q15632617,fictional human
http://www.wikidata.org/entity/Q133806334,http://www.wikidata.org/prop/direct/P31,http://www.wikidata.org/entity/Q15773317,television character
http://www.wikidata.org/entity/Q133806334,http://www.wikidata.org/prop/direct/P31,http://www.wikidata.org/entity/Q15773347,film character
http://www.wikidata.org/entity/Q133806334,http://www.wikidata.org/prop/direct/P106,http://www.wikidata.org/entity/Q4991371,soldier
http://www.wikidata.org/entity/Q133857993,http://www.wikidata.org/prop/direct/P31,http://www.wikidata.org/entity/Q15773347,film character
http://www.wikidata.org/entity/Q133857993,http://www.wikidata.org/prop/direct/P31,http://www.wikidata.org/entity/Q89050960,fictional humanoid extraterrestrial
http://www.wikidata.org/entity/Q122625738,http://www.wikidata.org/prop/direct/P31,http://www.wikidata.org/entity/Q3895768,fictional location
http://www.wikidata.org/entity/Q122625751,http://www.wikidata.org/prop/direct/P31,http://www.wikidata.org/entity/Q108117266,fictional facility
http://www.wikidata.org/entity/Q122625766,http://www.wikidata.org/prop/direct/P31,http://www.wikidata.org/entity/Q18814068,fictional restaurant
http://www.wikidata.org/entity/Q122625775,http://www.wikidata.org/prop/direct/P31,http://www.wikidata.org/entity/Q3895768,fictional location
http://www.wikidata.org/entity/Q122642624,http://www.wikidata.org/prop/direct/P31,http://www.wikidata.org/entity/Q63960235,fictional mansion
http://www.wikidata.org/entity/Q122642655,http://www.wikidata.org/prop/direct/P31,http://www.wikidata.org/entity/Q2775969,fictional planet
http://www.wikidata.org/entity/Q122642680,http://www.wikidata.org/prop/direct/P31,http://www.wikidata.org/entity/Q2775969,fictional planet
http://www.wikidata.org/entity/Q122642715,http://www.wikidata.org/prop/direct/P31,http://www.wikidata.org/entity/Q100706037,fictional dimension
http://www.wikidata.org/entity/Q122642735,http://www.wikidata.org/prop/direct/P31,http://www.wikidata.org/entity/Q2775969,fictional planet
http://www.wikidata.org/entity/Q122642764,http://www.wikidata.org/prop/direct/P31,http://www.wikidata.org/entity/Q63959432,fictional bank
http://www.wikidata.org/entity/Q122642792,http://www.wikidata.org/prop/direct/P31,http://www.wikidata.org/entity/Q3895768,fictional location
http://www.wikidata.org/entity/Q122642814,http://www.wikidata.org/prop/direct/P31,http://www.wikidata.org/entity/Q3895768,fictional location
http://www.wikidata.org/entity/Q122642843,http://www.wikidata.org/prop/direct/P31,http://www.wikidata.org/entity/Q18814068,fictional restaurant
http://www.wikidata.org/entity/Q122642879,http://www.wikidata.org/prop/direct/P31,http://www.wikidata.org/entity/Q18814068,fictional restaurant
http://www.wikidata.org/entity/Q122642942,http://www.wikidata.org/prop/direct/P31,http://www.wikidata.org/entity/Q96343424,fictional laboratory
http://www.wikidata.org/entity/Q122642963,http://www.wikidata.org/prop/direct/P31,http://www.wikidata.org/entity/Q63960235,fictional mansion
http://www.wikidata.org/entity/Q122642983,http://www.wikidata.org/prop/direct/P31,http://www.wikidata.org/entity/Q2775969,fictional planet
http://www.wikidata.org/entity/Q122643003,http://www.wikidata.org/prop/direct/P31,http://www.wikidata.org/entity/Q82551938,fictional apartment
http://www.wikidata.org/entity/Q122643041,http://www.wikidata.org/prop/direct/P31,http://www.wikidata.org/entity/Q20751022,fictional house
http://www.wikidata.org/entity/Q122643059,http://www.wikidata.org/prop/direct/P31,http://www.wikidata.org/entity/Q11707,restaurant
http://www.wikidata.org/entity/Q122643156,http://www.wikidata.org/prop/direct/P31,http://www.wikidata.org/entity/Q21501360,fictional club
http://www.wikidata.org/entity/Q122643178,http://www.wikidata.org/prop/direct/P31,http://www.wikidata.org/entity/Q3895768,fictional location
http://www.wikidata.org/entity/Q122643205,http://www.wikidata.org/prop/direct/P31,http://www.wikidata.org/entity/Q3895768,fictional location
http://www.wikidata.org/entity/Q122643237,http://www.wikidata.org/prop/direct/P31,http://www.wikidata.org/entity/Q30106090,fictional drinking establishment
http://www.wikidata.org/entity/Q122643265,http://www.wikidata.org/prop/direct/P31,http://www.wikidata.org/entity/Q96146366,fictional capital city
http://www.wikidata.org/entity/Q122643306,http://www.wikidata.org/prop/direct/P31,http://www.wikidata.org/entity/Q30106090,fictional drinking establishment
http://www.wikidata.org/entity/Q122643330,http://www.wikidata.org/prop/direct/P31,http://www.wikidata.org/entity/Q18814068,fictional restaurant
http://www.wikidata.org/entity/Q122643352,http://www.wikidata.org/prop/direct/P31,http://www.wikidata.org/entity/Q3895768,fictional location
http://www.wikidata.org/entity/Q122643371,http://www.wikidata.org/prop/direct/P31,http://www.wikidata.org/entity/Q30106090,fictional drinking establishment
http://www.wikidata.org/entity/Q122643402,http://www.wikidata.org/prop/direct/P31,http://www.wikidata.org/entity/Q62939158,fictional motel
http://www.wikidata.org/entity/Q122643416,http://www.wikidata.org/prop/direct/P31,http://www.wikidata.org/entity/Q89375087,fictional university
http://www.wikidata.org/entity/Q122643445,http://www.wikidata.org/prop/direct/P31,http://www.wikidata.org/entity/Q21597574,fictional hotel
http://www.wikidata.org/entity/Q122643464,http://www.wikidata.org/prop/direct/P31,http://www.wikidata.org/entity/Q1964689,fictional city
http://www.wikidata.org/entity/Q122643488,http://www.wikidata.org/prop/direct/P31,http://www.wikidata.org/entity/Q19826142,fictional shop
http://www.wikidata.org/entity/Q122643507,http://www.wikidata.org/prop/direct/P31,http://www.wikidata.org/entity/Q108117266,fictional facility
http://www.wikidata.org/entity/Q122643537,http://www.wikidata.org/prop/direct/P31,http://www.wikidata.org/entity/Q3895768,fictional location
http://www.wikidata.org/entity/Q122643566,http://www.wikidata.org/prop/direct/P31,http://www.wikidata.org/entity/Q20751022,fictional house
http://www.wikidata.org/entity/Q122643583,http://www.wikidata.org/prop/direct/P31,http://www.wikidata.org/entity/Q60875352,fictional residence
http://www.wikidata.org/entity/Q122643603,http://www.wikidata.org/prop/direct/P31,http://www.wikidata.org/entity/Q3895768,fictional location
http://www.wikidata.org/entity/Q122643632,http://www.wikidata.org/prop/direct/P31,http://www.wikidata.org/entity/Q63959432,fictional bank
http://www.wikidata.org/entity/Q122643675,http://www.wikidata.org/prop/direct/P31,http://www.wikidata.org/entity/Q60875352,fictional residence
http://www.wikidata.org/entity/Q122643715,http://www.wikidata.org/prop/direct/P31,http://www.wikidata.org/entity/Q60875460,fictional diner
http://www.wikidata.org/entity/Q122643732,http://www.wikidata.org/prop/direct/P31,http://www.wikidata.org/entity/Q3895768,fictional location
http://www.wikidata.org/entity/Q122643747,http://www.wikidata.org/prop/direct/P31,http://www.wikidata.org/entity/Q100706037,fictional dimension
http://www.wikidata.org/entity/Q122648445,http://www.wikidata.org/prop/direct/P31,http://www.wikidata.org/entity/Q15720793,fictional building
http://www.wikidata.org/entity/Q122648463,http://www.wikidata.org/prop/direct/P31,http://www.wikidata.org/entity/Q3895768,fictional location
http://www.wikidata.org/entity/Q122648494,http://www.wikidata.org/prop/direct/P31,http://www.wikidata.org/entity/Q62662706,fictional cemetery
http://www.wikidata.org/entity/Q122648509,http://www.wikidata.org/prop/direct/P31,http://www.wikidata.org/entity/Q3895768,fictional location
http://www.wikidata.org/entity/Q122648530,http://www.wikidata.org/prop/direct/P31,http://www.wikidata.org/entity/Q89375087,fictional university
http://www.wikidata.org/entity/Q122648547,http://www.wikidata.org/prop/direct/P31,http://www.wikidata.org/entity/Q108117266,fictional facility
http://www.wikidata.org/entity/Q122648565,http://www.wikidata.org/prop/direct/P31,http://www.wikidata.org/entity/Q82551938,fictional apartment
http://www.wikidata.org/entity/Q122648596,http://www.wikidata.org/prop/direct/P31,http://www.wikidata.org/entity/Q82551938,fictional apartment
http://www.wikidata.org/entity/Q122648622,http://www.wikidata.org/prop/direct/P31,http://www.wikidata.org/entity/Q3895768,fictional location
http://www.wikidata.org/entity/Q122648635,http://www.wikidata.org/prop/direct/P31,http://www.wikidata.org/entity/Q2775969,fictional planet
http://www.wikidata.org/entity/Q122648653,http://www.wikidata.org/prop/direct/P31,http://www.wikidata.org/entity/Q108117266,fictional facility
http://www.wikidata.org/entity/Q122648693,http://www.wikidata.org/prop/direct/P31,http://www.wikidata.org/entity/Q3895768,fictional location
http://www.wikidata.org/entity/Q122648746,http://www.wikidata.org/prop/direct/P31,http://www.wikidata.org/entity/Q108117266,fictional facility
http://www.wikidata.org/entity/Q122648825,http://www.wikidata.org/prop/direct/P31,http://www.wikidata.org/entity/Q122380363,fictional property
http://www.wikidata.org/entity/Q122649358,http://www.wikidata.org/prop/direct/P31,http://www.wikidata.org/entity/Q18814068,fictional restaurant
http://www.wikidata.org/entity/Q122652355,http://www.wikidata.org/prop/direct/P31,http://www.wikidata.org/entity/Q2775969,fictional planet
http://www.wikidata.org/entity/Q122652428,http://www.wikidata.org/prop/direct/P31,http://www.wikidata.org/entity/Q18814068,fictional restaurant
http://www.wikidata.org/entity/Q122652538,http://www.wikidata.org/prop/direct/P31,http://www.wikidata.org/entity/Q3895768,fictional location
http://www.wikidata.org/entity/Q122652580,http://www.wikidata.org/prop/direct/P31,http://www.wikidata.org/entity/Q96343424,fictional laboratory
http://www.wikidata.org/entity/Q122652633,http://www.wikidata.org/prop/direct/P31,http://www.wikidata.org/entity/Q3895768,fictional location
http://www.wikidata.org/entity/Q122652681,http://www.wikidata.org/prop/direct/P31,http://www.wikidata.org/entity/Q20751022,fictional house
http://www.wikidata.org/entity/Q122652737,http://www.wikidata.org/prop/direct/P31,http://www.wikidata.org/entity/Q3895768,fictional location
http://www.wikidata.org/entity/Q122652959,http://www.wikidata.org/prop/direct/P31,http://www.wikidata.org/entity/Q30106090,fictional drinking establishment
http://www.wikidata.org/entity/Q122653001,http://www.wikidata.org/prop/direct/P31,http://www.wikidata.org/entity/Q3895768,fictional location
http://www.wikidata.org/entity/Q122653053,http://www.wikidata.org/prop/direct/P31,http://www.wikidata.org/entity/Q21597574,fictional hotel
http://www.wikidata.org/entity/Q122653112,http://www.wikidata.org/prop/direct/P31,http://www.wikidata.org/entity/Q30322563,fictional field
http://www.wikidata.org/entity/Q122653164,http://www.wikidata.org/prop/direct/P31,http://www.wikidata.org/entity/Q3895768,fictional location
http://www.wikidata.org/entity/Q27057308,http://www.wikidata.org/prop/direct/P31,http://www.wikidata.org/entity/Q15632617,fictional human
http://www.wikidata.org/entity/Q27057308,http://www.wikidata.org/prop/direct/P31,http://www.wikidata.org/entity/Q15773347,film character
http://www.wikidata.org/entity/Q27057308,http://www.wikidata.org/prop/direct/P108,http://www.wikidata.org/entity/Q584601,Baskin-Robbins
http://www.wikidata.org/entity/Q27062173,http://www.wikidata.org/prop/direct/P31,http://www.wikidata.org/entity/Q15632617,fictional human
http://www.wikidata.org/entity/Q27062173,http://www.wikidata.org/prop/direct/P31,http://www.wikidata.org/entity/Q15773317,television character
http://www.wikidata.org/entity/Q27067868,http://www.wikidata.org/prop/direct/P31,http://www.wikidata.org/entity/Q95074,character
http://www.wikidata.org/entity/Q27067868,http://www.wikidata.org/prop/direct/P31,http://www.wikidata.org/entity/Q15773347,film character
http://www.wikidata.org/entity/Q27067868,http://www.wikidata.org/prop/direct/P31,http://www.wikidata.org/entity/Q33399405,fictional toy
http://www.wikidata.org/entity/Q27067914,http://www.wikidata.org/prop/direct/P26,http://www.wikidata.org/entity/Q24265423,Hank Pym
http://www.wikidata.org/entity/Q27067914,http://www.wikidata.org/prop/direct/P31,http://www.wikidata.org/entity/Q15632617,fictional human
http://www.wikidata.org/entity/Q27067914,http://www.wikidata.org/prop/direct/P31,http://www.wikidata.org/entity/Q15773347,film character
http://www.wikidata.org/entity/Q27067914,http://www.wikidata.org/prop/direct/P40,http://www.wikidata.org/entity/Q24050133,Hope van Dyne
http://www.wikidata.org/entity/Q27067914,http://www.wikidata.org/prop/direct/P5800,http://www.wikidata.org/entity/Q1639798,index case
http://www.wikidata.org/entity/Q27092482,http://www.wikidata.org/prop/direct/P27,http://www.wikidata.org/entity/Q258,South Africa
http://www.wikidata.org/entity/Q27092482,http://www.wikidata.org/prop/direct/P31,http://www.wikidata.org/entity/Q15632617,fictional human
http://www.wikidata.org/entity/Q27092482,http://www.wikidata.org/prop/direct/P31,http://www.wikidata.org/entity/Q15773347,film character
http://www.wikidata.org/entity/Q27092482,http://www.wikidata.org/prop/direct/P106,http://www.wikidata.org/entity/Q43845,businessperson
http://www.wikidata.org/entity/Q65935271,http://www.wikidata.org/prop/direct/P31,http://www.wikidata.org/entity/Q15773347,film character
http://www.wikidata.org/entity/Q65935285,http://www.wikidata.org/prop/direct/P31,http://www.wikidata.org/entity/Q15632617,fictional human
http://www.wikidata.org/entity/Q65935285,http://www.wikidata.org/prop/direct/P31,http://www.wikidata.org/entity/Q15773347,film character
http://www.wikidata.org/entity/Q65935296,http://www.wikidata.org/prop/direct/P31,http://www.wikidata.org/entity/Q15632617,fictional human
http://www.wikidata.org/entity/Q65935296,http://www.wikidata.org/prop/direct/P31,http://www.wikidata.org/entity/Q15773347,film character
http://www.wikidata.org/entity/Q65935320,http://www.wikidata.org/prop/direct/P31,http://www.wikidata.org/entity/Q15632617,fictional human
http://www.wikidata.org/entity/Q65935320,http://www.wikidata.org/prop/direct/P31,http://www.wikidata.org/entity/Q15773347,film character
http://www.wikidata.org/entity/Q65935329,http://www.wikidata.org/prop/direct/P31,http://www.wikidata.org/entity/Q15632617,fictional human
http://www.wikidata.org/entity/Q65935329,http://www.wikidata.org/prop/direct/P31,http://www.wikidata.org/entity/Q15773347,film character
http://www.wikidata.org/entity/Q65935346,http://www.wikidata.org/prop/direct/P31,http://www.wikidata.org/entity/Q15632617,fictional human
http://www.wikidata.org/entity/Q65935346,http://www.wikidata.org/prop/direct/P31,http://www.wikidata.org/entity/Q15773347,film character
http://www.wikidata.org/entity/Q66197897,http://www.wikidata.org/prop/direct/P31,http://www.wikidata.org/entity/Q15632617,fictional human
http://www.wikidata.org/entity/Q66197897,http://www.wikidata.org/prop/direct/P31,http://www.wikidata.org/entity/Q15773347,film character
http://www.wikidata.org/entity/Q66197941,http://www.wikidata.org/prop/direct/P31,http://www.wikidata.org/entity/Q15632617,fictional human
http://www.wikidata.org/entity/Q66197941,http://www.wikidata.org/prop/direct/P31,http://www.wikidata.org/entity/Q15773347,film character
http://www.wikidata.org/entity/Q66197979,http://www.wikidata.org/prop/direct/P31,http://www.wikidata.org/entity/Q15632617,fictional human
http://www.wikidata.org/entity/Q66197979,http://www.wikidata.org/prop/direct/P31,http://www.wikidata.org/entity/Q15773347,film character
http://www.wikidata.org/entity/Q66198026,http://www.wikidata.org/prop/direct/P31,http://www.wikidata.org/entity/Q15632617,fictional human
http://www.wikidata.org/entity/Q66198026,http://www.wikidata.org/prop/direct/P31,http://www.wikidata.org/entity/Q15773347,film character
http://www.wikidata.org/entity/Q66198065,http://www.wikidata.org/prop/direct/P31,http://www.wikidata.org/entity/Q15632617,fictional human
http://www.wikidata.org/entity/Q66198065,http://www.wikidata.org/prop/direct/P31,http://www.wikidata.org/entity/Q15773347,film character
http://www.wikidata.org/entity/Q66198104,http://www.wikidata.org/prop/direct/P31,http://www.wikidata.org/entity/Q15632617,fictional human
http://www.wikidata.org/entity/Q66198104,http://www.wikidata.org/prop/direct/P31,http://www.wikidata.org/entity/Q15773347,film character
http://www.wikidata.org/entity/Q66198151,http://www.wikidata.org/prop/direct/P31,http://www.wikidata.org/entity/Q15632617,fictional human
http://www.wikidata.org/entity/Q66198151,http://www.wikidata.org/prop/direct/P31,http://www.wikidata.org/entity/Q15773347,film character
http://www.wikidata.org/entity/Q66198297,http://www.wikidata.org/prop/direct/P31,http://www.wikidata.org/entity/Q15632617,fictional human
http://www.wikidata.org/entity/Q66198297,http://www.wikidata.org/prop/direct/P31,http://www.wikidata.org/entity/Q15773347,film character
http://www.wikidata.org/entity/Q66198367,http://www.wikidata.org/prop/direct/P31,http://www.wikidata.org/entity/Q15632617,fictional human
http://www.wikidata.org/entity/Q66198367,http://www.wikidata.org/prop/direct/P31,http://www.wikidata.org/entity/Q15773347,film character
http://www.wikidata.org/entity/Q66198533,http://www.wikidata.org/prop/direct/P31,http://www.wikidata.org/entity/Q15632617,fictional human
http://www.wikidata.org/entity/Q66198533,http://www.wikidata.org/prop/direct/P31,http://www.wikidata.org/entity/Q15773317,television character
http://www.wikidata.org/entity/Q66198533,http://www.wikidata.org/prop/direct/P31,http://www.wikidata.org/entity/Q15773347,film character
http://www.wikidata.org/entity/Q66198533,http://www.wikidata.org/prop/direct/P463,http://www.wikidata.org/entity/Q3052324,Hydra
http://www.wikidata.org/entity/Q66311235,http://www.wikidata.org/prop/direct/P31,http://www.wikidata.org/entity/Q21192438,fictional species
http://www.wikidata.org/entity/Q66311261,http://www.wikidata.org/prop/direct/P31,http://www.wikidata.org/entity/Q24286894,fictional humanoid species
http://www.wikidata.org/entity/Q66311272,http://www.wikidata.org/prop/direct/P31,http://www.wikidata.org/entity/Q24286894,fictional humanoid species
http://www.wikidata.org/entity/Q66311286,http://www.wikidata.org/prop/direct/P31,http://www.wikidata.org/entity/Q24286894,fictional humanoid species
http://www.wikidata.org/entity/Q66311293,http://www.wikidata.org/prop/direct/P31,http://www.wikidata.org/entity/Q24286894,fictional humanoid species
http://www.wikidata.org/entity/Q66311325,http://www.wikidata.org/prop/direct/P31,http://www.wikidata.org/entity/Q24286894,fictional humanoid species
http://www.wikidata.org/entity/Q66311328,http://www.wikidata.org/prop/direct/P31,http://www.wikidata.org/entity/Q24286894,fictional humanoid species
http://www.wikidata.org/entity/Q66311333,http://www.wikidata.org/prop/direct/P31,http://www.wikidata.org/entity/Q24286894,fictional humanoid species
http://www.wikidata.org/entity/Q66311335,http://www.wikidata.org/prop/direct/P31,http://www.wikidata.org/entity/Q24286894,fictional humanoid species
http://www.wikidata.org/entity/Q66311342,http://www.wikidata.org/prop/direct/P31,http://www.wikidata.org/entity/Q24286894,fictional humanoid species
http://www.wikidata.org/entity/Q66311351,http://www.wikidata.org/prop/direct/P31,http://www.wikidata.org/entity/Q24286894,fictional humanoid species
http://www.wikidata.org/entity/Q66311395,http://www.wikidata.org/prop/direct/P31,http://www.wikidata.org/entity/Q24286894,fictional humanoid species
http://www.wikidata.org/entity/Q116853228,http://www.wikidata.org/prop/direct/P31,http://www.wikidata.org/entity/Q21192438,fictional species
http://www.wikidata.org/entity/Q116853379,http://www.wikidata.org/prop/direct/P31,http://www.wikidata.org/entity/Q21192438,fictional species
http://www.wikidata.org/entity/Q116853473,http://www.wikidata.org/prop/direct/P31,http://www.wikidata.org/entity/Q21192438,fictional species
http://www.wikidata.org/entity/Q116853498,http://www.wikidata.org/prop/direct/P31,http://www.wikidata.org/entity/Q27104461,fictional insect
http://www.wikidata.org/entity/Q116854252,http://www.wikidata.org/prop/direct/P31,http://www.wikidata.org/entity/Q14623646,fictional organization
http://www.wikidata.org/entity/Q116856242,http://www.wikidata.org/prop/direct/P31,http://www.wikidata.org/entity/Q15720870,fictional weapon
http://www.wikidata.org/entity/Q116856256,http://www.wikidata.org/prop/direct/P31,http://www.wikidata.org/entity/Q15706911,fictional object
http://www.wikidata.org/entity/Q114775109,http://www.wikidata.org/prop/direct/P31,http://www.wikidata.org/entity/Q14136353,fictional occurrence
http://www.wikidata.org/entity/Q114775129,http://www.wikidata.org/prop/direct/P31,http://www.wikidata.org/entity/Q108117266,fictional facility
http://www.wikidata.org/entity/Q114775169,http://www.wikidata.org/prop/direct/P31,http://www.wikidata.org/entity/Q15707521,fictional battle
http://www.wikidata.org/entity/Q114775196,http://www.wikidata.org/prop/direct/P31,http://www.wikidata.org/entity/Q3895768,fictional location
http://www.wikidata.org/entity/Q114795569,http://www.wikidata.org/prop/direct/P31,http://www.wikidata.org/entity/Q17198419,fictional war
http://www.wikidata.org/entity/Q114795595,http://www.wikidata.org/prop/direct/P31,http://www.wikidata.org/entity/Q15707521,fictional battle
http://www.wikidata.org/entity/Q114795609,http://www.wikidata.org/prop/direct/P31,http://www.wikidata.org/entity/Q15707521,fictional battle
http://www.wikidata.org/entity/Q114795631,http://www.wikidata.org/prop/direct/P31,http://www.wikidata.org/entity/Q14136353,fictional occurrence
http://www.wikidata.org/entity/Q114795653,http://www.wikidata.org/prop/direct/P31,http://www.wikidata.org/entity/Q29587254,fictional room
http://www.wikidata.org/entity/Q114795703,http://www.wikidata.org/prop/direct/P31,http://www.wikidata.org/entity/Q88675052,fictional palace
http://www.wikidata.org/entity/Q114795810,http://www.wikidata.org/prop/direct/P31,http://www.wikidata.org/entity/Q15707521,fictional battle
http://www.wikidata.org/entity/Q114795825,http://www.wikidata.org/prop/direct/P31,http://www.wikidata.org/entity/Q14136353,fictional occurrence
http://www.wikidata.org/entity/Q114795842,http://www.wikidata.org/prop/direct/P31,http://www.wikidata.org/entity/Q108117266,fictional facility
http://www.wikidata.org/entity/Q114795863,http://www.wikidata.org/prop/direct/P31,http://www.wikidata.org/entity/Q15707521,fictional battle
http://www.wikidata.org/entity/Q114795890,http://www.wikidata.org/prop/direct/P31,http://www.wikidata.org/entity/Q14136353,fictional occurrence
http://www.wikidata.org/entity/Q114860532,http://www.wikidata.org/prop/direct/P31,http://www.wikidata.org/entity/Q14136353,fictional occurrence
http://www.wikidata.org/entity/Q114860579,http://www.wikidata.org/prop/direct/P31,http://www.wikidata.org/entity/Q4808527,fictional assassination
http://www.wikidata.org/entity/Q114860587,http://www.wikidata.org/prop/direct/P31,http://www.wikidata.org/entity/Q108117266,fictional facility
http://www.wikidata.org/entity/Q114860828,http://www.wikidata.org/prop/direct/P31,http://www.wikidata.org/entity/Q14136353,fictional occurrence
http://www.wikidata.org/entity/Q114860880,http://www.wikidata.org/prop/direct/P31,http://www.wikidata.org/entity/Q14136353,fictional occurrence
http://www.wikidata.org/entity/Q114860904,http://www.wikidata.org/prop/direct/P31,http://www.wikidata.org/entity/Q14136353,fictional occurrence
http://www.wikidata.org/entity/Q122653221,http://www.wikidata.org/prop/direct/P31,http://www.wikidata.org/entity/Q30106090,fictional drinking establishment
http://www.wikidata.org/entity/Q122653289,http://www.wikidata.org/prop/direct/P31,http://www.wikidata.org/entity/Q82551938,fictional apartment
http://www.wikidata.org/entity/Q122653520,http://www.wikidata.org/prop/direct/P31,http://www.wikidata.org/entity/Q60875352,fictional residence
http://www.wikidata.org/entity/Q122653853,http://www.wikidata.org/prop/direct/P31,http://www.wikidata.org/entity/Q20751022,fictional house
http://www.wikidata.org/entity/Q122654153,http://www.wikidata.org/prop/direct/P31,http://www.wikidata.org/entity/Q3895768,fictional location
http://www.wikidata.org/entity/Q122654430,http://www.wikidata.org/prop/direct/P31,http://www.wikidata.org/entity/Q106921111,fictional town
http://www.wikidata.org/entity/Q122654483,http://www.wikidata.org/prop/direct/P31,http://www.wikidata.org/entity/Q108117266,fictional facility
http://www.wikidata.org/entity/Q122654560,http://www.wikidata.org/prop/direct/P31,http://www.wikidata.org/entity/Q3895768,fictional location
http://www.wikidata.org/entity/Q133858017,http://www.wikidata.org/prop/direct/P31,http://www.wikidata.org/entity/Q15773347,film character
http://www.wikidata.org/entity/Q133858017,http://www.wikidata.org/prop/direct/P31,http://www.wikidata.org/entity/Q89050960,fictional humanoid extraterrestrial
http://www.wikidata.org/entity/Q135185215,http://www.wikidata.org/prop/direct/P31,http://www.wikidata.org/entity/Q15773317,television character
http://www.wikidata.org/entity/Q135185215,http://www.wikidata.org/prop/direct/P31,http://www.wikidata.org/entity/Q88773562,Grim Reaper or other personification of death in a work of fiction
http://www.wikidata.org/entity/Q136236068,http://www.wikidata.org/prop/direct/P31,http://www.wikidata.org/entity/Q1114461,comics character
http://www.wikidata.org/entity/Q137425443,http://www.wikidata.org/prop/direct/P31,http://www.wikidata.org/entity/Q15632617,fictional human
http://www.wikidata.org/entity/Q137425443,http://www.wikidata.org/prop/direct/P31,http://www.wikidata.org/entity/Q15773317,television character
http://www.wikidata.org/entity/Q137425443,http://www.wikidata.org/prop/direct/P106,http://www.wikidata.org/entity/Q33999,actor
http://www.wikidata.org/entity/Q138819961,http://www.wikidata.org/prop/direct/P27,http://www.wikidata.org/entity/Q30,United States
http://www.wikidata.org/entity/Q138819961,http://www.wikidata.org/prop/direct/P31,http://www.wikidata.org/entity/Q15632617,fictional human
http://www.wikidata.org/entity/Q138819961,http://www.wikidata.org/prop/direct/P106,http://www.wikidata.org/entity/Q40348,lawyer
http://www.wikidata.org/entity/Q138819961,http://www.wikidata.org/prop/direct/P106,http://www.wikidata.org/entity/Q600751,prosecutor
http://www.wikidata.org/entity/Q139559722,http://www.wikidata.org/prop/direct/P31,http://www.wikidata.org/entity/Q18327510,fictional robot
http://www.wikidata.org/entity/Q139846964,http://www.wikidata.org/prop/direct/P31,http://www.wikidata.org/entity/Q15632617,fictional human
http://www.wikidata.org/entity/Q139847093,http://www.wikidata.org/prop/direct/P31,http://www.wikidata.org/entity/Q15632617,fictional human
http://www.wikidata.org/entity/Q139847093,http://www.wikidata.org/prop/direct/P31,http://www.wikidata.org/entity/Q15773317,television character
http://www.wikidata.org/entity/Q139850347,http://www.wikidata.org/prop/direct/P31,http://www.wikidata.org/entity/Q15632617,fictional human
http://www.wikidata.org/entity/Q139850347,http://www.wikidata.org/prop/direct/P31,http://www.wikidata.org/entity/Q15773317,television character
http://www.wikidata.org/entity/Q139850358,http://www.wikidata.org/prop/direct/P31,http://www.wikidata.org/entity/Q15632617,fictional human
http://www.wikidata.org/entity/Q139850358,http://www.wikidata.org/prop/direct/P31,http://www.wikidata.org/entity/Q15773317,television character
